-- phpMyAdmin SQL Dump
-- version 4.1.12
-- http://www.phpmyadmin.net
--
-- Host: 127.0.0.1
-- Generation Time: 
-- Server version: 5.6.16
-- PHP Version: 5.5.11

SET SQL_MODE = "NO_AUTO_VALUE_ON_ZERO";
SET time_zone = "+00:00";


/*!40101 SET @OLD_CHARACTER_SET_CLIENT=@@CHARACTER_SET_CLIENT */;
/*!40101 SET @OLD_CHARACTER_SET_RESULTS=@@CHARACTER_SET_RESULTS */;
/*!40101 SET @OLD_COLLATION_CONNECTION=@@COLLATION_CONNECTION */;
/*!40101 SET NAMES utf8 */;

--
-- Database: `jobsonline`
--

-- --------------------------------------------------------

--
-- โครงสร้างตาราง `education`
--

CREATE TABLE IF NOT EXISTS `education` (
  `edu_id` mediumint(8) unsigned NOT NULL AUTO_INCREMENT,
  `resume_id` mediumint(8) unsigned DEFAULT NULL,
  `level` varchar(100) DEFAULT NULL,
  `academy` varchar(250) DEFAULT NULL,
  `major` varchar(150) DEFAULT NULL,
  PRIMARY KEY (`edu_id`)
) ENGINE=MyISAM  DEFAULT CHARSET=utf8 AUTO_INCREMENT=64 ;

--
-- dump ตาราง `education`
--

INSERT INTO `education` (`edu_id`, `resume_id`, `level`, `academy`, `major`) VALUES
(55, 19, 'à¸›à¸£à¸´à¸à¸à¸²à¹‚à¸—', 'à¸ªà¸–à¸²à¸šà¸±à¸™à¸šà¸±à¸“à¸‘à¸´à¸•à¸žà¸±à¸’à¸™à¸šà¸£à¸´à¸«à¸²à¸£à¸¨à¸²à¸ªà¸•à¸£à¹Œ', 'à¸šà¸£à¸´à¸«à¸²à¸£à¸˜à¸¸à¸£à¸à¸´à¸ˆ'),
(56, 19, 'à¸›à¸£à¸´à¸à¸à¸²à¸•à¸£à¸µ', 'à¸¡à¸«à¸²à¸§à¸´à¸—à¸¢à¸²à¸¥à¸±à¸¢à¸˜à¸£à¸£à¸¡à¸¨à¸²à¸ªà¸•à¸£à¹Œ', 'à¸šà¸±à¸à¸Šà¸µ'),
(57, 19, '', '', ''),
(58, 20, 'à¸›à¸£à¸´à¸à¸à¸²à¸•à¸£à¸µ', 'à¸£à¸²à¸Šà¸¡à¸‡à¸„à¸¥', 'à¸ªà¸²à¸£à¸ªà¸™à¹€à¸—à¸¨'),
(59, 20, 'à¸›à¸§à¸ª.', 'à¸§à¸´à¸—à¸¢à¸²à¸¥à¸±à¸¢à¹€à¸—à¸„à¸™à¸´à¸„à¹à¸«à¹ˆà¸‡à¸«à¸™à¸¶à¹ˆà¸‡', 'à¸Šà¹ˆà¸²à¸‡à¸„à¸­à¸¡à¸žà¸´à¸§à¹€à¸•à¸­à¸£à¹Œ'),
(60, 20, '', '', ''),
(61, 21, 'à¸›à¸§à¸Š.', 'à¸žà¸²à¸“à¸´à¸Šà¸¢à¸à¸²à¸£à¸žà¸£à¸°à¹‚à¸‚à¸™à¸‡', 'à¸šà¸£à¸´à¸«à¸²à¸£à¸˜à¸¸à¸£à¸à¸´à¸ˆ'),
(62, 21, '', '', ''),
(63, 21, '', '', '');

-- --------------------------------------------------------

--
-- โครงสร้างตาราง `experience`
--

CREATE TABLE IF NOT EXISTS `experience` (
  `exp_id` mediumint(8) unsigned NOT NULL AUTO_INCREMENT,
  `resume_id` mediumint(9) DEFAULT NULL,
  `position` varchar(150) DEFAULT NULL,
  `workplace` varchar(200) DEFAULT NULL,
  `period` varchar(30) DEFAULT NULL,
  PRIMARY KEY (`exp_id`)
) ENGINE=MyISAM  DEFAULT CHARSET=utf8 AUTO_INCREMENT=64 ;

--
-- dump ตาราง `experience`
--

INSERT INTO `experience` (`exp_id`, `resume_id`, `position`, `workplace`, `period`) VALUES
(55, 19, 'à¸žà¸™à¸±à¸à¸‡à¸²à¸™à¸šà¸±à¸à¸Šà¸µ', 'à¸šà¸£à¸´à¸©à¸±à¸— à¸¡à¸«à¸²à¸Šà¸™ à¸ˆà¸³à¸à¸±à¸”', '3 à¸›à¸µ'),
(56, 19, 'à¹€à¸ˆà¹‰à¸²à¸«à¸™à¹‰à¸²à¸—à¸µà¹ˆà¸à¸²à¸£à¹€à¸‡à¸´à¸™', 'à¸šà¸£à¸´à¸©à¸±à¸— à¸«à¸­à¸¢à¸«à¸¥à¸­à¸” 1980 à¸ˆà¸³à¸à¸±à¸”', '1 à¸›à¸µ'),
(57, 19, '', '', ''),
(58, 20, 'à¹€à¸ˆà¹‰à¸²à¸«à¸™à¹‰à¸²à¸—à¸µà¹ˆà¹„à¸­à¸—à¸µ', 'ABC Ltd.', '1 à¸›à¸µ'),
(59, 20, '', '', ''),
(60, 20, '', '', ''),
(61, 21, 'à¹€à¸ˆà¹‰à¸²à¸«à¸™à¹‰à¸²à¸—à¸µà¹ˆà¸˜à¸¸à¸£à¸à¸²à¸£', 'Under Ground Co. Ltd.', '5 à¸›à¸µ'),
(62, 21, '', '', ''),
(63, 21, '', '', '');

-- --------------------------------------------------------

--
-- โครงสร้างตาราง `image`
--

CREATE TABLE IF NOT EXISTS `image` (
  `resume_id` mediumint(8) unsigned NOT NULL,
  `img_content` mediumblob,
  PRIMARY KEY (`resume_id`)
) ENGINE=MyISAM DEFAULT CHARSET=utf8;

--
-- dump ตาราง `image`
--

INSERT INTO `image` (`resume_id`, `img_content`) VALUES
(19, 0xffd8ffe000104a46494600010100000100010000fffe003c43524541544f523a2067642d6a7065672076312e3020287573696e6720494a47204a50454720763632292c207175616c697479203d203130300affdb00430001010101010101010101010101010101010101010101010101010101010101010101010101010101010101010101010101010101010101010101010101010101ffdb00430101010101010101010101010101010101010101010101010101010101010101010101010101010101010101010101010101010101010101010101010101010101ffc00011080078007803012200021101031101ffc4001f0000010501010101010100000000000000000102030405060708090a0bffc400b5100002010303020403050504040000017d01020300041105122131410613516107227114328191a1082342b1c11552d1f02433627282090a161718191a25262728292a3435363738393a434445464748494a535455565758595a636465666768696a737475767778797a838485868788898a92939495969798999aa2a3a4a5a6a7a8a9aab2b3b4b5b6b7b8b9bac2c3c4c5c6c7c8c9cad2d3d4d5d6d7d8d9dae1e2e3e4e5e6e7e8e9eaf1f2f3f4f5f6f7f8f9faffc4001f0100030101010101010101010000000000000102030405060708090a0bffc400b51100020102040403040705040400010277000102031104052131061241510761711322328108144291a1b1c109233352f0156272d10a162434e125f11718191a262728292a35363738393a434445464748494a535455565758595a636465666768696a737475767778797a82838485868788898a92939495969798999aa2a3a4a5a6a7a8a9aab2b3b4b5b6b7b8b9bac2c3c4c5c6c7c8c9cad2d3d4d5d6d7d8d9dae2e3e4e5e6e7e8e9eaf2f3f4f5f6f7f8f9faffda000c03010002110311003f00fefd393ea08071efdf8e077ec73c1e00a003ee0fa927bfaf1c9e83db072461680d9cf3c8e9c67038c9cf4fe43f0c6173ea4023af4cfbe3afe3dcfa0e2800e718079cf4c9cfea0919cf538038393d49cf079ce067a9e99c0c03d73d4e40fcc8a40c3af1d4e3231db9e40ea78f7cf3d30b4bd39254fb70320e3a9c741f4e7f4a000f1ce700119c13d38eb923b6391eb8e8335c2f8f7e25f813e18692bae78f3c55a3f86b4e9a736d6d26a576b1cd7d72519fec9a6d9c7bef753bbf2d4b8b5b0b7b8b80819fcadaa597e5ff00dba7f6d4f017ec4ff07753f885e2a78351f10ddc17707833c2a260973ad6a7043bcc922a91247a75a33c22e245c19a69a0b4899659fcc8ff00956f0cfed3ff0015ff00683f17ea3f1dbe33eb57dab5eea73ca746b09667b7d1743d2cca64b6d0bc3360479367a75b001246b580fda6e164b8bb965bb699cfe65c77e2361b84e9d4c360b0f0cc3364a29d3a939430b847512943eb3285a752ab8b8d4586a5284bd9ca139d5a4a74f9fefb83b81b11c4d3588c55796072b8c9deac631962313cb2e59470d19fb908292709622a2942334e30a75651928ff623e10f8f7e12f1e485bc2d6ba9de59e7f77797712e9f14c32d878e295a4ba0aca37013410b9c8dd1ae491c4fc57fda72d3e158df71e10b8d6a3190c21d652cdc7cdd70fa6dc8ddec76f1d1bbd7f3fbe09fdba7e2be852e99e1af877a77862d350d46eed349d292e2c24d4af2eafafa74b4b284cb7775f624335c4d1a348d6411776e650a0eff00af7e22780bf692f1e68b2ddeabf1d7c39ad78905a79dfd8975f0cb48d2fc31717621dc74e8752d3b50fed8b185a40624d5274d49907fa43694c7fd187e15c63e32f1757e1554785b35a394f1754ab09ac4d7caf05532c8534d39d38ac5d0cc1b4f9b979aa61e7dfda267e999378639261f3f84f39c37d73871294654163b14b1f37a28cdbc33c2a4db69da35a0b56acd23ebfb4ff82a6fecf3657c961e3eb2f1978043b2a3ea977a52ebda25be582bb4f3e852dd6aa88a7077ae8ce0292edb380df767c38f8aff000e3e2ef87edfc55f0cfc6be1af1c787ae76f97a9f86f56b4d4a1898827c9ba482469ac6e94e564b4bd8edee6265649625208afe307c73ad3f8bbfb574af10472683af69b7da8e8dabd8c91c6d2e99ace97773e9da9d8dcc6920477b5bcb79a23244fe54c8ab342cd149193f20786ff00682f8f9fb0a7c51d33e297c3bf116a36be1ab8bfb78f5d874cb99a7d0759b32ea64b6d574d7cc297ab18fdd25d4023b95568239a64572987873e36f8914ebd2c0788197e539a464d47ebf95d3860b1526ed79a8d29ac1d4d15e34fea7845393b2ab04ddbb78bfc26e11a94aa62784b1b8ec0568c5cbea58f9cb1386b2b69cd383c4c1b6da73588c428ab3f66deff00e87c3272410475cf51d7247049c73e99e314bcf27d33c9e3b7a707031923dfb9033f1afec41fb5ef847f6c6f831a4fc44f0fbdadb6bb67e469de30d1229378d3b557b759a1bab6cbb4874cd561cdcd8bbf298b8b566792d59dfec9278ce467b773c03ed9cfbfd70466bfaf32ecc30b9ae0b0d9860aa2ab86c55355294ed66af75284e2f5854a7352a75612b4a152328c92699fce38cc1e23018aaf83c5d374b1187a8e9d583e8d59a69ed284e2d4e125a4e128ca2da698b86f5e01ee339ed9c0cf4ea3df934738faf193d793d7b7ae074c6338009c04f5e47e63d3919fe5dce3a7049427a1c8ce73f9e3be32063d71c1c738aed3985f9bb9f5ed93eb9e338f4f61d28a09f71fa738231d3f32067827a640a2801083c8c0e7b83d4e47bfb1ebcf5ea724a609c83ce381d074c0cf5f4e3a1c67ea2973d720827b81c0e7af3c8271d71d81c6694103afa0f53d89e3d383c81800639a004c023d074e31ce39f538239e4faf53d4b5c9552dd4800f6e09e0f4e99cf5c1f5efc3b3d739eb91dc0e0f4e98e739f6183de9933622720f21491c1cf18cf5e7a8fc7a72693d13f4616be8bae87f08ff00f0571fda06fbf69bfdb97c6bf0f67d4e53f0ebe10eab07844da453b240b69e17b92faa244995513eb3e21825592450268e09dd86e8edc0af93aebe2dc11f936562e96da769f1a5ad95ac0163b78a1857cb411c6bf22a803e4c0c05c600e73f1c7c6bf89f7b37ed39fb52ea17376ef7b75f12fc4933bbb624661ad6ba5d88273c3326e238dcc33c9e7c60fc44973cdc13f88fea735fc899b60ab66f8dab8dc43729622a4f14eedbfde62e6abd46fbd94d423a5a308c611b2491fd5594ba5976070d85a0928d0a3468ab5f6a318c52dbab4e72ef394a4f5775fb0ffb3c7c479356f8e9f092c9262e4fc40f0b5c15c920c765ab5b5e4a3183ff002ce06f6c66bfaa2fb70e9bc64718ddd4fe5f87b7b75afe387fe09aba17883e257ed0fa57882dadae26d0be1fc29a9ea37c50fd95355d5665d2f46d3cbf20de5cacba85f431f510699732120aa07feb8dafc81904e39c9eddba7f935f93f16d3a783cc296162e3cd4b0f075127ac6751b95a5e7c9cb2f4945eccfa8c0ca55e8fb47cd6739462f7ba8a8276d13b5f996d6ba7b3ba3f043f6f38a5f871f1efc77ac5ae60d2bc4face9ba9b150563fed2d53c35a55f5cbe3eeefbab94bc7620fccf1b31cb16cfc21acfc42d3b5fd2efb46d6122bed3751b696d2f2d6e30d1cb0cc36b039e559480f1ba9568e455910abaab0fd78ff0082a07c1af1378dfe17ebfe34f0568b79afeb3a5a685aabd869d0b5c5fb7f61cf25bea0d042999267fec2ba9e58608c3cd70f692c10c6d34b0c4dfcbc1f8853a315699d5958ab29072aca704100e410410475e0fa1c7d2f0c60e96699742ac25175b0d354676694e2e31a52849f5574df2c9a5f0b4b6672e615de1eb283e6519d38c95efaed17d2df653b7f797f323fa4dff837ebe375ff00c3cfdab357fd9feef54967d07c77e0ed62db4d8a6725279bc3227d6340bad99da6e574bb5b8b4723055a7994654e4ff6983383ce720f3d0e707a77c1c0ebdbb75c7f9c17fc119bc757577ff054afd9d6d619dcbdc5cdfd9dd212ca44773a16aece0838cabdadc23770518007838ff47b5c145c75c7503a6339c9cf1c9e4fa11c57f53f8672ab1c9f1986a8eea8e3dd48afe5fac61b0f52714afa295655aab565795494b76cfe77f11a953867587ad4d24ebe063ced2d653a35ab5352979fb354e0bca1e4388f4c01ee73ce0e0f5f4e47b0cf38c5183d0f23a939c1ea09cf3db27b9fe5953d0e3f0e323a018e8719ce00e9824e4e40a43c907bf7e3031c70727db18c9c9c8eb5fa41f9f81073c1c0edcf209c67bf5edf538ee4d14a7dbd73d33dfa74ebc73c8c6001eb450018ea39e7233c0fc3b7718c70318f6a4c75ea71d011c0f6e73f4cf19c1c1c73474c9c139e49c83c71d47438f63d0f6a324738ea0630719ee4f4c13ce0faf403a8a00523a7073d38c0e9f5c678f41db8c0a64aa363753c018f6cf419c9cfb03dfe82949f41cf6e474e703a64fe6724020f4a47202f231d0fe5c038e41f6e7b0ce40c903f03fce3be057c1bf00eabff000537fdb77c3ff12bc27a5f8dad7e1e4df143c45a6f8635c823b8d3ee6ff4df88fa4e972dfcf6530786e9ac6c750ba8a082ea39ed45c5ec53c9189e0b7922fb03c0dff048ef815e2fd57c7de26f196a3e39d1748d4fe20eb37de00d13c2dabe9963a443f0fefecb49d4b4685d6fb46d4efda6b5bbbdd534e0eb7f1a9b7b380040e8646f93ff006a1f8aba17ec81ff0005c1fda0bc45e3059ecfe1ef8b3c6fe30f0e78de4b7867964b6f0bfc4358f518f54105babcf716da7eb4ba2eb1791dba4972f656972b6914974d129fe85745bfb1b6d274e834c911f4d4b2b51a7bc4e648dec8c286d9924662d22341e59472cc581dd939c9fe0ae3cc767390e6efeab8ac561e8e2f0942853a90a925493c0cbd8d6a504db8c2ac2a454a6d25370c46aecd25fd8dc354b0b99e5b4253a54a73a7cb56716af392c453a7384db5cb274e51768dddaf4dd92b3396fd9eff00667f83dfb3a6890f863e17e872e9b626f9b53ba96f2e9efeff0051d5258e384ea1a8df5c6eb9bcb98e28d22803b8b7b48e345b582355007d6f7a0c16c2423195ce49cfb73903d7fc9e2bc4b4dd5d52ee162f80186771f7fafb75f7f7af48d5f5f8a4d382874c841df9fc48278edd327af5afcc65899e2a75b1189ab2af5ea3e7955ab2739ce4f7949caeefd37b25a24ac7bb568ca854a14e94231a6bdde58e8a31d1edd2faabf77aee67cf7f0cab2dbce892c4e19248a450e8e8c30c8ca7208209073c63bd7e45dcff00c13b3e09783be277ed13f167c6fe14f0ef8dfc21f11aef4a1f0d7c1d37da965f09def88bcc97c68e6330c36b657775e23b8b55f0cdfd85c5d5ce93a4fda963f22e5d777e994baa8dec771c162460e7bfae6bc7fe38fc52f875f0bbe1bebbf10fe2a6a634bf057848d8eada8dd793777537dad2fada2d22ded2d2c95ee2eaf2f35492d2d2d6d906c9a79916731c25e54df2dcc31d86ad3c3606a6222f1fec70d529615ca35eb2f6f4aa53a749c2519c6acea4634e128353e5a9382d2734fa2be0e8ce31a95a30b50e69a9544b9617835294efeeb8a4db6a5eefba9f4b2fc8aff8258fc07f0f7807fe0bb7a77c39f053ea37be17f85d0ead7d6f71a9dcc77b7e9f65f84b0dfdd0bbb98638226961d5eee68dbcb8618e35511c71a04551fe816aa5140e7dfd4773ce78e3db3db20e31fc3dff00c1b7d1df7ed03ff0509fdab7f6a2d56cda1dde1df146af68920121d326f1cf8a2ca1d374b4946577d9686d3d947b71ba1b56e48fbdfdc367381c9c67bf423e8727af233d3d4e6bfbdfc33c36230fc3ede2e6ea62655a853ad524eeea54c3e5d80a35a7297da93c4c6bde5d5ddeed9fca5e236229d6cfe30a492a54b091e48ae8ab623115a2bcbf773a7f2b74b303d41ebc72475e413c63b1e833cfa1c9cd1d3a74ebcf6f6273d013d075f53ce4e47193df8e338edd483e9d3a73923b19cfaf4ebe99e0f03af4ebcf3db15fa29f02047278cf1838ea7a7079c739cf638f6a28c9e064f4e7a71f5c907f1e878ebdca0031d476c9ce4f233f9f1900e4f63f534003271c1faf03f2c77cf073d391da8e992381939e39e31dc919c91e879e0f7a4ce73df81ee40cfb107af5e491c673ce0014807d09f738e3b74cf0738c93c9c673c50541040f6c93d0fb6071dc76efeb48703af19c9e87207381f7863838c631eb467a11db1db27be01008ebd3ea4e3031401fe6b3ff0007167870683ff053df8b93aa08d75dd07c09ac6401b5cdcf83f45591bfe06eac49e724f390483faa7ff04fbf8f107c6afd95fe19eaf35e8b9f117847498be1ef8b11a40f7116b1e10861d3ade7b9f98b799aae8a34ad5f71e1fedc40259180fcfcff00839aeda387fe0a47a9cab806e7e17fc3e99c0e858787eca2079ef88c11f53c75afcf2ff82727ed69ff000cdbf1664f0f78a2e26ff855ff001426d3f47f11852d22f8775d8a568741f15c308dc4c56ef732e9dad244a1e4d2eebed85679b4ab4b67fe48f13387aa67380cd96129b9e332bceb35c4e1a9c6dcd569431d8986230f157b394a9253a71d5caa52a705acaebfa9381f308e128e50eb3b51c56579750a92be9094f0b879539b4da56537c926dab427297448feb95354d8eac1bee907f2fc6b5ee3c4a6681622ed9c60f3f4fa6011c8fe95e5716ad6b3451cd15cc12452a09229236591248d8064747425595d4865652415208241a94ea56e78fb40ff00beb8fe9fafaf5e327f9714e4d68ae9ff00791fb23a10bae65aabfd993b5f73b6fed3ff006bf33ffebfc6bf117fe0b4df1c61d33e1c7c3df813a6dea36abe33d7078e3c476b1be6487c35e1af3ad3478ee6304158b56f105cbdcdab9e1a4f0d5c0c1c023f50be29fc5ef057c1df02f883e21f8e759834cf0df872c9aeeee7fbf71732b32c569a769f00f9aef52d46e5e3b4b1b5520cd712229654df227f1e7fb457c70f12fed1ff00187c59f147c44af04bafdea5ae85a4798668b40f0d59136da16896ed80adf64b5c4b772aa462f3539ef6f4c6b2dd482bf4af0cf20ad996731cd2b5271c0e52dd45524af0ab8d71fdc52836ad274799622a357e4e5a4a56f6b167cc714636961306f09095f118bb271d538504fdf9c937a2a96f651db9af36be176fed4bfe0d52f84a7c3ffb347c75f8b9736db65f1e7c48d23c2fa7dcba1566b3f08e9335f5e468e40ca3cbe23b22c01c068548ce4e3fab3c63a0033d4678e3e83278ec3f22335f951ff0454f828bf03bfe09bbfb3868535bfd9b55f15f876efe236b0a13cb69aebc677d36a1a6caf9552cede1e5d1559c819d9f2e5029afd57c83c7a0e73cf4cf23b01e9c127d0015fddbc2786786e1fcb62e3caebd29635f7b63aa4f170e65ba718568c1a7ac796cf54cfe3ce27c4fd6f3eccea2778c311f568daf6b6129c30d757ef2a4e5a68ef75a31483c77c7af7c8f7e993c11e98cf1c52118e9c0ebeb83ea00193824119e3e9c507038e7be06481df39c8c600fae7d3939321be9c0e7af61d79ebedf524135f4678229073d33c6307ea3be324639efcfbe28a4e071cf033d48e38e79ef9e00edea30305001d49030001c819e7af618f6ce39ed9ed463b7039f523a600e3ebd31c76073834980413db9ce0fa6318001f419e9ebd3140f519e00ee475c71923f1c0c673c74a000f3c6074ce79e7209cf200c9e7fa74e17d3a01f2f25bd463a118cfa7bfe2290e001d7bf427827a0cf4f6fc3a76af20f8c3e3df1cf80fc2da86afe01f853ad7c57d6a0b2b89acf42d2bc47e18f0dc4d750c7be08afb52f11ea56a6dede570435c5a58ea0d0aab33c2b804f3e2b154b0787ab89aded5d2a51e79aa142be26ab8a693e4a186a756b546af76a14e4d24dbd11ad0a33c455851a6e9a9d4928c7dad6a542177b7355af3a74a17ef29a57d373fcfc3fe0e5ad5a3d47fe0a5de2bb68e5573a57c3ef87962ebbb779721f0be99330207420c848ce3ef13c66bf002c18a5f5932904a5ddb371feccca4608c60e718c7393d857f425fb5b7ec1dfb6efedb5fb5cfc47f8cbf1a17e1bfc32bff196b9e75c5bc7e2bb0f155af86f45b348ec34cd16cadfc3173abbddcfa66996d05a24773756cd2342af7571134bbabf797fe0951ff0463fd823e1c69efe2cf893e158ff00684f8eda15c19df51f8af6f677be0bd32d26f27ec9a97847e18fef7c3a86397f76f7de267f17eada75f4315d69fa96962ed20afe6ccb78ab86b8978a6b70de5f9de0279c6638bcd7170c2b9ce5ec97b7ad8b9e1ead4a70a9456329d29bbe11d4559fb2aaf95460e67f44d7c1e61c35c3185cd7179762aa60f0584cbf0f3ab4542d39fb2a5423560ea3849e1a552297d663074d734777249fcbfe1bf837e3cb6d134ebcf06cb3ebba1dcd8daddae8ef28fed1d35ae21499e2b7123289e057766458db78fbbe496058b353f01fc6a85921d37c0fafdccd2f1e75ed8dcd8d942d80499aea5510955ce5889148e3839afdfbbefd8a65f07eb53df7c39bab7bef0d4933cb6be1ad524fb35ee91016263b0b3bc20dbdfd9c0a0476e6e5ad6e12011c72b5d4aaf3bddf1afc0cf88fe22b1b2d374cd0228de28fc99259f50d3eded61dcaabbd9bed2cef1a9c92218a57c72a848c1fc431de15f18e5987c5d0afc3b9a62730a1569d3c3bcbf0b5b1f83c4c655941d5a15b0b094670952fde355392749595585292944fd1e878a1c3b8ead84ad4736cb69e16b4273aeb1b569e0f15464a973a857a35e51929aaa9413a6dc2a35fbb9548b527fc607fc14e7e1b78cf41fd9c6f3c45e3ad766d43583e31f0b69d65a069cc5343d16d6e67b8b8ba91a352c6eaf646b38a2fb54d24db132aac7202ff003c1652243796b2c982915cc12b023076c72a311c0cf4539c038c118aff00567f86dfb057c2fb7d37c48df1d3c37e10f8bb2f8aac3fb36ebc2fe24f0f58ebde10d2ec7cf8ae5cdb5a6b56937daf549258213fdaed05a4d671a986c162f36e279ff2c3f695ff008235ff00c130fc63e379a0f0e7c1fd7bc1e21133f886e3e1978e6e74ab08b53966de2cec2df5fd3bc5764a608cb9bcb6b58edad61260b5b76b5686e631face5b95623c3ae0ac2661c57530795ac5636cf093ace58ea72c4ba54a9538e1f0f46b42ace34a3f58aea9d472a14b9bdaae6a7347c0d7e2ac2716712e230392d1c5e60e950bc717469c23859c6945cea4f9ebd5a53a705397b1a53a91b56a8a3cafdf8b7fb07ff04e7f88be13f8a5fb0e7ecbbe29f06ea1657fa4afc18f01f8767fb24d14a2cb59f0a787ec7c3bade9d32a16f267b3d4f4cba89a2708e13649b4a3a31fb5318007cbcf739c64fa7a71dff977fce9fd82fe0d7ecb7fb227c2eb6f833f036f3c43a1e993ea6faade43f1135c17bad6a3aa5c46b1178eed63b4d0c200a121b7d2aded5dd70d3452c9871fa28b2467eeb29e3230c0823939183c83d874f43cd7f4370667797e79c3f976230198e59982a385a187ad3cb31b4b1b4e9ca9415382ace9da542bce9c233ab87a9152a35253a4a551414e5f83712e5d89cb738c752c46131b848d5c4d6ad4638fc34f0d5670a93736e0a6daa94e32938c2ac24d548a8cda8393845e5739c631ebd7b7a907bf7cf6e9d4d0463038c7a9ce78e4e0f6fa7ea7a00900e3a67d7181f80f6c0008fe669011f4cf1827e83a679efc9e9d06715f56782295c8ec39e0f5ce4fa919fd7927ae38a29091c8fc4e7f971dc9ce4f18edc0145002f52727803d073f89e0e323af04e0e3bd18c9c71ebf779c6460e471cf7cfe2314871824819e78e4123b7f778e9ebf9d21c004900606707d78c8c039f4ebdf39f600f98bf6acfda4b48fd9a3e1e278aaeb4f4d775fd6af9345f0a7879ae05a2ea3a93c325ccd7379385965874cd3ada369af24891e47964b5b4431bde24b1fe087c4cfdaebe377c6ebcb8b6f1478bae6c7409a523fe117f0e6fd13c3c881c910c96b6f33dcea491124473eb379a8dc823724a8b85afa0ffe0ab7f10a5d5fe35f847c0b6f70cd63e05f04a6a33c01be48f5af14decd7372c579c4874bd3b46db91911c990c77903f393c296e66759581640ca39e8ec719fc81dc79c67a9e6bfc97fa5278dbc539c788fc45c1196e7d8dcbf83f876bd2c9e796e5f89961296698fa3468bcd2ae653a0e9d5c672e3aa57c1d1c356a953094e9e129d4851856a95e73fef5f03fc34c8b01c1d947136332ac363388737a753308633174a35e581c254a92581a7828d5e6850e6c2c69e26a56a518d79cf11384e728429c63f43f8463663130ced1d4b1c6491db900e4f7c7a723a57d6df0e356d5bc39a8d96afa16a175a66a766c1e0bbb460928c8c3232b068e68a441b65865492295094911932a7e6df0558aba44580006dc2fb631ebc74cfe5d6beacf09d846b1c4cab92a509079c0f6e48ef8f5c719f4fc7b8233a94319869612b55c3e22855a752957a33953a942b5394650a94eb5394670ab192528ca124d492946cd2b7e83c4b97c2742b42bc215a95584a9d4a5560a74ea426b96509c249c2719424d38ca2d49369df53ee6f0d7ed2fe2c92cede1d6f46d3afa645086feca47b0965da31ba5b5921bc81e523696685ed23c93b60e817bb8be3ceaf3c6cd6de1f767c0d826bdb689093d8bc7693b01803188c9c0e41af91f4b8be78876cafa1fbc071efd7d7bf5e303daf40b4478e30c063033ef9fa7a7a7a7ebfdbfc2de2d789189a54f04b886356308a8aaf89cbf2cc4e26c92d6589ad84954a8ecefcf5a5527293bca4d593fe67cf380783e84a5895964e9ca7272952a38dc652a29dd691a50aea304ff969c61149e8a269f8c7e2678f3c476b2da1ba8340d3a45292db688254bbb88c8c34571aa4ac6e36900871651d807076c85a32e8de037112c1ba345f2d403841c73d093c724f56249dc7924f35f406b1630a40c4043f29fd3a8c761e9c71903b5787eb682399b18009233c7d3a67f3f43ebc0afcff00c48c4e7998e2a38ccef35c5e675a29c21f58a97a7461277e5a1421cb42845b7771a34e116f5b1f51c19472cc1d3961f2dc0d1c1c1b4e6e943dfaad5a2a556ac9caa5592d55ea4e56d52b6c71f7001254f20850430f6c6403d8818391ce39ce056a681fb4578f3e166b36f67697435ff0d471c467f0f6aced2c71a39756feccbd6dd75a74a233fbb8d1a4b2dc77cb652312d58d793c69b98b741d7fdd5e4f4238c1393c0e9debe68d47c5b65aff0088f5ab2b7742f686368b61cf9b6f1e2d9dc73d9c2b123a79abee6bf05cc38c73ee0bab85cdb86739c66499c47130f6189c15674e7529d38caa54a388a7674b15869be455b0d89a7530f5534aa539a563f5ec170b65fc53431584cdf2aa19a6594b0ca78986228a9c693ab3a7461569d4f76a61eba7293a75a8ca15a9b8b71946d75fd01f85bc43a7f8b3c3ba278934c977d8ebba5d9eab6b9187586f6dd2758e50a4aacb107f2e68f3b9254646e548adf3c6067e5efc0238e79faf5cfbf418c9f91ff631f11beb7f07edb4e9662f2f85b5bd6744da58348b6b2cb16b36c5b92db02eaaf6f0927e548028015001f5b83c648039eb8f7c75c600eb919e727a57fae5e1e7142e34e06e13e2af7154cf722cbb1f8985356852c755c3c163e8415dfbb431b1c4515aed0d6cee8ff3f38b3247c37c4f9f644dca51cab35c660e8ce5f154c353ad2faad5979d5c33a551f9cb4d2c29031c9c0cf6e31cf7fe5d063924668a427ae3a7af2413d319c0e33927ae79f5a2bec8f9e173c9c93c0e39f5f60323a8c77fe54d620ab0c920a9e011cf60324641f6e4f7ce69c7a1c8e79c719ce7fefae47a67b73c0cd31beeb6723e53ce3be31c7000ec320e4638ce7900fe55ff006f4d6e5d6bf6b1f8cd3bb33258eb3a2e87002d931c7a4787744b165cf3c79d04ed8ea376ded9af3cf065a4274bd3c8037140e5b1f78b3b31c9ec79c7e001e82bef7fdb33f612f8ede22f8bff0010be2a780744d3fc63e1bf186af16b50d8697aa5bc1e22d3666b1b48ef22bad3351365f6bcde433bdb8d2e7bf92489e35681240cb5f13e95e16f18f82248f42f1c785b5ff0aea16f248b143afe937da5bcc872f88cdec308976e728c8595e32af19619c7f827f483e08e3ec9b8ef8cb37ce786b3fc0e0f1bc739fe674733ad96e2d65d8cc163b37c7d6c362b0b8f8d2faae2294e957a334a955938c24b9e3070928ffaa1e1371370a663c29c3797e5d9ce558ac4e1786728c0d4c152c6e1de330d89c2e07074ead0af857355e95584e8ce2d4e9ae692bc2f169bf71f09c6221101cfcc99fa739e3dc75afab3c208ad0a73d7663e9cf6f4181f4c76edf29f86268b747fbc88723ac89c7500633efdb91dc66be99f085fc51845334646571b5d723938ce1ba0f71fceb9fc38a969d1954bb7250bbf37cbd7bb6bcefa8b8c229a928b568bbdafd2d1d753db2c9369520f21b83d3a71f8e320e7d47b57a0e97ab8811413823be40f5e3823fcfe35e7365344ea0acd19dd839f31463ebcf4fc381f4cd6bbcd1228db2a2fd645c1fc03119ebdbf4afea8c931988c172d4a37d95ef7d745aa76beb64b5fb8fc471f87a38afddd46af7d2dad936aeadbebe76d76d0edf54d791a26c48318c1048febc1ff00eb03d791e41acea70c93390e38ce704678cfd79c7af5e9dcd26afa808e370d731a93d019463a751f373e8783c71c5786f897c4325b798609d0310c4333af1d48206ee48ec4fa753cd799c539e62311172af7b42fa6add959b69356d2f6e965f23e8785f86a32a8a349c5393493d1257b6eedd1df44b77632be2978d8695a6dc58d93a8bab98dd24752730c6e086c63a48e0e012415524f5db8f937c0b7733f8da2258b7daadb5049ba905044d383c1c604912633d31e845757e269ee755ba31a17bbb9999b6c71fef64959860fcab9279ea7181d5b0057a7fc28f80de3cd4e56d4b4bf0a6afabea37f1f916ff63b376b0b181e41bbcfd51f669d1cd3150adbae9638e352bbd89709fce59b61b3be28ce29e1f2bcbb1f99568cb96860f2ec2e23195b9535754e8e1a9d4a95273764d4632936edb248fe8fc355e1ee0be14c77f6963f0585ab8ec3ca94ab62f11430eaa55a90e48d494ab4e0a9d1a09b9b9ce4a2b96d772928bfd1cfd81b5366b6f895a33b9290dd787f5486318c2b5c43aa5a5cbf3ce5c5ada2803206c3dfafe89f1918248f4071d3d8f5fe7d4127a0f8bbf64ff823e33f851378af56f18ae9f693788ecf4a82d74cb3be5bdb9b75b096f2599ef64854da2339b98d635b6b8b804090b329da0fda209c6483c9078fa8e4f7e838c0c63ae6bfd79fa36e519fe43e0c707e4fc4b96e3328cdb031cea1532fcc294a8632861eb67f9a62b04b1142a5aa519cb095e8c953a91854841c632845ab2ff2efc63cc329cd7c46e22cc324c6e1b30cbf133cb9c31784a8aae1aad6a594e068621d2ab1f72a255e94e2e707284a6a528ca49f33080412727f98e79e9f4c679e07068a4271ec3b76e4600e09270382063d33eb457ee67e6404804923b71d4ff3383f7ba03c63f1a3233df07ea076e31ce703d383d31d28a2801303ae3b11d0f07073c9cf7f4f4cf6e72f52d0f47d62092d356d2f4ed46da750b2dbdfd8dbdd4522f521e39e2911b9c9e41e4e47345153284671942718ca138b84a3249c65192b38c93d1c5ad1a6acc7194a2d4a32719269a716d34d6cd35aa6ba35aa3c5b5afd977e016bd23cb7bf0b7c2b04ee0879f48b49bc3f3bb31dc5cc9a1dc69aed292799493211c16c1c1e2e6fd8afe06924d9699e24d1f20e069be2cd719549e7e45d42e7501f8306e0648c628a2be4313e1e701632abaf89e0be15ad5e4f9a55e790656ebb93d5b759615556db49b6e776f57a9efd1e2ce29c3c152a3c499ed3a51494692cdb1fec925a24a9baee097928f7eecacbfb18fc378ce2dfc53f11edd7042c69afe90eabd79fdff876590818e9bfeb9e4061fd8d7c0c4f3e35f88d8e78fed5d13393d791e1ec1ec71b7f9360a2b28f871c0b05cb0e17ca211fe5861f923d368c24925a6c95bc8d7fd71e28bdde799849f7956737eb7927af77bbea42dfb12fc309c8fb5f89fe245c8ebb5fc41a5c6add3af91e1f864f5fe304007d0117ed3f625f8070b16bdd035bd65b3ff314f146baca483d7cab2bbb38ce7a30d98ec40185a28ab8f875c06a5cd2e10e1eacd3baface5584c525a25b6229555b2ec5ff00aedc5e972c389b3ca2ad6b50ccb1587d3b5e855a6fa1eabe18f801f073c1eeafe1ef877e17d3e65e7ed5fd9c97778d8181baeef0dc5c37404e64c670c46ec57abc1676b6e02dbdb410af1f2c5124631dff00d5a81ee0f43d7ae68a2be97019665b95d2f619665f82cba8369fb1c0e168612968acbf7787a74e1a2db4ee7858bc7e3b30a8eb63f1b8bc7566aceae33135b1355ad37a95e739bd96efa22d00bc9da01c1fa7bf3d067a13c720f5c1a3a9040e9d8e463038c6381f43c7a75c928aee3905e304e33ea33efdb3c73d71df8e39145145007fffd9),
(20, 0xffd8ffe000104a46494600010100000100010000fffe003c43524541544f523a2067642d6a7065672076312e3020287573696e6720494a47204a50454720763632292c207175616c697479203d203130300affdb00430001010101010101010101010101010101010101010101010101010101010101010101010101010101010101010101010101010101010101010101010101010101ffdb00430101010101010101010101010101010101010101010101010101010101010101010101010101010101010101010101010101010101010101010101010101010101ffc00011080078007803012200021101031101ffc4001f0000010501010101010100000000000000000102030405060708090a0bffc400b5100002010303020403050504040000017d01020300041105122131410613516107227114328191a1082342b1c11552d1f02433627282090a161718191a25262728292a3435363738393a434445464748494a535455565758595a636465666768696a737475767778797a838485868788898a92939495969798999aa2a3a4a5a6a7a8a9aab2b3b4b5b6b7b8b9bac2c3c4c5c6c7c8c9cad2d3d4d5d6d7d8d9dae1e2e3e4e5e6e7e8e9eaf1f2f3f4f5f6f7f8f9faffc4001f0100030101010101010101010000000000000102030405060708090a0bffc400b51100020102040403040705040400010277000102031104052131061241510761711322328108144291a1b1c109233352f0156272d10a162434e125f11718191a262728292a35363738393a434445464748494a535455565758595a636465666768696a737475767778797a82838485868788898a92939495969798999aa2a3a4a5a6a7a8a9aab2b3b4b5b6b7b8b9bac2c3c4c5c6c7c8c9cad2d3d4d5d6d7d8d9dae2e3e4e5e6e7e8e9eaf2f3f4f5f6f7f8f9faffda000c03010002110311003f00fefd339fc323be78c1c9cf21477e723f0a4fc57fe05d7a743c76ebe9bbae4d28fe99ebce7d4e781f51f3743dcd3c76ebfa7a7b7f4efed400c193d083d0f048fae7df8c9279f4f65c37f3ee7d78effa76ea49e94a7f1e873ca8e98eb9f4f51d3b75a4e7dfafaa771cf1efe9f8f5a00307bf4cf3f31e98faf63f9fb0a4668d159dd9511177bbb395555009666624050aa092c4800024e0735e19fb4bfed1ff0008bf646f817f127f68bf8ede2bb5f06fc2ff00859e1abdf12f89757b868a4b99d2d93658e8ba259178e5d5fc49e20bf7b6d1bc3ba35a9377abeaf7b676102ef9811fe77ffb417fc1c03fb487fc150bc4df13fc17e15d475afd9fbf67a95754d2fc19f0b3c23afdd5978875bd163592dadb52f89be2ad2cd85e788f52d5908bdbaf0f40d0f85b4b3245650d96a53d97f6cde007f6dffb4e7fc1667fe09c5fb28788e7f017c46fda43c29e21f8a10264fc2ff8582f3e2678c20981c2daeb23c2915fe81e13b9c7ef041e30d77c3f2bc637429292aadf99df163fe0e77fd9ff00c0d6936a5e0efd997e2f78db4e8e3324571abf8abc23e0d92e1402c592dedd7c5ac88cb82865649189c3c49d6bfccc3e1c35e7813e35eafa35ef990cd06b9721bccdcacc1a773b883c9ddc92792589e4935fb4dab22788be1dc52e3cc26c3b0cf58475c7f9f4a00fe9e7c25ff079ff00ec54be251a07c61fd95ff68ef8710199226d73c33aa780be23e9f6e3705965bab79355f056aa1235259459d85ec92018289919fe857f626ff82aefec03ff00050bb00ffb2c7ed17e11f1b789a2b5fb4ea3f0db598f54f037c51d2923457b8fb4780bc6565a2ebf7f6d685824fab6856babe825b26df559d0873fe33dfb4068874cf13dcc810a833b0c818ebf4e319f4cf3589f087c77e2cf87be2cd03c67e06f13ebfe0cf17f86f51b7d57c3de29f0b6b17fa0788743d4ed583dbea1a46b3a5dc5aea1a75ec0d9315c5a5c452a73b58027201fef1bf2ff0078fa7def6ce7af6e9f5eb9a32bea7b1fbc7bf18ebdba9f4afe547fe0decff82e6ebbfb6fe996dfb277ed5bab5949fb49f85bc3f15d7803e23bbc1667e38787f47b57fed3b5d6ad4243045f12743b1b74d42fae2d094f1769df6ed57ec9697da6ea06f7faace71dfa1ec3b1fe9f9af6e2801d95f53ff7d7a1faf7fe5d3147cbfde3e9f7bdb39ebdba7d7ae6939cf7ea7b0f4cff00f5f1d0f51cd273c75fe1ec3bfbfbfafe06801d95f53d8fde3df8c75edd4fa514de71dfa1ec3b1fe9f9af6e28a00763dc700f51f28c1c67ebf9f7ed8a3763b2f04fb7418f4e09ededc52f7f7c377c9ebf97e7f4ec6987bf5fe3ee3fcfd47e22801d9c8edc71d3239c7238e08cf4a4fc17f8bf87fbbc7e47ae7d78f6a3d7eabd5b9fe1f4e31fed75a0f7ff0081f7ff003f97e3401fc2b7fc1e35fb48f8ab52d3fe01fec81e1bd52e2cfc1d69a7ea3f19fe27d85b48522d7b5dbd9e6f0ffc37b4bf54e4c1e1fb4d3fc5da92412131cf75add9dc34624d3eda4afe1cff00648f1849e0cf8b96d64d232437f308766721d9a445da00ea4e40da3a9e00c9afebcffe0e5cd0ef3c5ffb6dfc6ab5b95694e8be05f85b268e0e5b65943e06d36e6648b3fc0f7b717e5b6e3323487a835f8e9ff0493ff8271defc6ef8b03e35f8eb4eb88bc17e1cbb90786ad6540b16a1790dc2c53eaf22b2fce903a4969a6a11b1a6f3ef4ae20b467f3736cd70993602be618c9f2d1a31ba8a6b9aad47a429534f79cde892bf576b23d8c8723c771166986cab2fa6e75f113f7a4d7b946945af695ea3fb34e9c756ddaeecaf767717dff0004a1f1cfed029e30f8dde099ee344d72186deefc3d652a4d6f677f7769247737027448e49ae1af10bdab8450b6d19332acf36235e6bc5fa5fc40f86ff0b65d3f52d25f41f16787ade5b4d574dbfb459a09e6b58ca39e40f3219194959a078e42a465958151fdbc7c38f85ba5e87a558695a658456b63670c70410451a2a2222851c018248c64e012739c6715cbfc75fd81fe0efed07e1fd42c7c51e1cb7b5d4efad6683fb56ca148a6669632b9b8013f798620ef052541ca306e6bf32c8b8fb32ad8bc44f33c2c6781af5b9b0f1a0ad57094da8a8c5b6ed5636b4a57b3e6bd9eecfd9389bc2fc9b0f82c252c9f1d2866586a1ecf153c43e6a38fad77294ecb5a0eedc20d5e3c895e3a5cff002f3f8a1f103fe1615edfc37fa42697ae5adc48ae968ed2d95c94246e85653f6885db83e4b99875c4c4e05793f8767315ca2938c3f20f51ea08c678f73eddabf7bffe0a73ff00044ff8d3fb24788f58f8aff0d6c751f1e7c2a79daf75182d63fb56b1a043b4cb35d4222557d4b4e8b696920f2bfb4ad231bc8be8566b88ff0024b42f82bae7c49d2f56f10f812d4dfebbe1fd33fb6357f0ec083ed3a9e976f24715eea1a68c80f7965e74525cdab10d750967833729e4dcfea587cc30789c32c5d1c453961f4e6a974941b695aa5fe069b5cdcd6515ab6926cfc531394e6184c67d46be1aa4712efece9a4e5ed924dde8b5a555249f2a8de527eea5ced44fadbf627f8d7e2bf80ff1c7e157c5ff00046a73699e2bf877e33f0e78bb43bb82431917da16a76da8c76f3819596cef45bb595f5b4ab241776771716b7114b04d246dfecbff000cbc6da67c4ef86fe00f891a3306d23e20782bc2fe34d2db18274ff14e8763ae59646e6c3082fa3046e3819049c57f882fc30d4a5b3bfb3660d1c96f7111747051d1d2401d595b0caca410ca402a7820115fecabff0004d2bbbdbeff00827e7ec6f777fbcdccdfb3b7c2d662f9dc621e15d3d6d89ddf360db2c257be318f96bb4f38fb7768ff0067b1fcf83f8775f7a368ff0067a7eaa7f911c37bd3bf3ede9f8fff005ff4a3f3efe9f87ff5bf5a006ed1eddc7bfa8efd47ea28a7fe7d7dbd3f97eb9f6a2801a39fa61bd31d7d0727fafd49a61ea78eedfc39f71cfea0f51f4a7af4ff00eb63f4a43dfa7f1763ebfcb3d7b83c8f968010670719ea0f000feef38f5ffc769483cf07f8fd3b9e3f3fcf3ed4a3bf4ea3d7d4751d33ee383f4a3d7a747f5f5e7ffaff00a5007f18dff070ff00ecf7a85c7ed6ff00093c77058cb268df1bfc0569e099ee121cc5fdbde0fd49ed6ea29a450545c4da378874d6803157962b39444196da42beddfb27fc15d03e147c3ef0cf84f44b0b6b44b2d3ed567f2208e20f308d7230aa3022188d067851835f6cff00c15d34fd5bc77f147e0ef81f549215f0b786a1d33e20e82874fb133af89a1d4b56b0be986a6d6ada92c5269d1c56cf671ddad9be7cd92069d63917cdbe1b408b1db003f840e3db1d3af1c74c0fc7ad7f3df881c474f38cfe964741d7851c9ab54a78ca7562a9c6a631fb3946ac396735528aa325ece535195dcfdc5a49ff0054f859c2b3c87862bf11e2561aae233fa346ae02b509caa4e8e022e6a742af3c21ecebfb7849d58c1ce3cbc895472528c7ea0f07687188e1f9076eded9e7a8f5fa671800d7b85ae8917923f7793818f947a7b8c67d476e01f6e0fc248a238f0076fc8f6ffeb7615ed764a3c9c9fcff0003d3e9f4ebd38c57a39561e9aa11d16cbf25d7fa5d8f1f3ac5d578893bbf8b4d6fb59ecfaddfaecbc8f02f893f0f340f17e85a8e83e21d2ad354d2f5082482e6d6ee08e58dd1d48242ba955719f918721bbfaff2af2ffc12963fd9f7fe0a27e1ef1bf80744867f805f10741f883ff0956882de34d3f43d4354f0eea7691c10400792b677d7b716d7096d1a22da5edaf9d16239d120febebc428a6373db0ddb19e87db9cf1eff00857cafe3eb589d657644678c36c62abb949e0ed620905ba718cf424f15963f1d88cb28e3a9e1a6bd96370988c356a4dcb91c6b5374d54493f76a41cf9a125ae9bd9d8df2bcbf099c6232da98b8275b2ec76171b86ac97bf0961eb53a8e936fe2a556ca1520f47177566ae7f9f4ff00c145ff00621d4fe01fed3fa2db780b4b966d07e31f89e0d37c3d676d6ee23ff84a358d4a1b6b3b5896256065d526bb50638d77b5dc3349b4bce057fac0fecebf0f62f849f007e09fc2d84623f875f0a7e1ff00825728109ff8467c2ba5e8c59941215ddaccb3727e624649e4ff00259fb547c02f087c5bd7be1debbe23b459eebe1af8db48f1b690cbbe394eaba15fdbea3a56d74e47957f6f0c9b4e15b051b2acc0ff005c5f02db5c6f831f0adfc4b34f3ebafe00f093ea735d316ba92e5f46b3667ba67f9dae4a14fb4349991e6de5c972c4fd47873c612cf684f26c453ab531d94e1233c4631b4e9ce12af2a387a72ddfb574a376eef9941bdd36fe37c5ae04a7c39898710616b50a780cf31b38e1b2f8a6aad2a91c342be2aac7ecfb1f6d26b96ca519548fd968f56e3dba0ede87fa7fe3bde8e3dbbf6fc7ff00af8efd4527afd1bb8f5ff3f4e8697bfe3ebfecff009e3f1afd40fc6438f6ebe9ea38e7dfd7f0eb4527a7d17b8f5ff3f5e828a0017a76fc33fd791fe4f7a43dff001ef8effa7a03d3f84d397a77fc483fa8a69efd7bfa7f2fa76e847cdd6801477fa8efc76e9dc7ba9fa0a3d7e8ddc7aff9fa74340eff0051db3e9dfb8f7ea3bd1ebf46ec3d7fcfd7a9a00fcd4ff828e7c16d5fc6fe14f09fc4ff000fd97db27f86c7585f11c71b462e07873525b1986a015c86961d22e2d2733c716e9120d4a7b9286282464fce9f87974aab0720101467a8c93cff005e057f45bae68d61e22d1757f0feab02dce97ae69b7fa46a36eea0acf63a959cb6777130208224826910920f5c6315fcf2f89fc15ab7c21f889e23f01eb0b22cda1ea52c76970e8c89a86973e2e74cd422ddc18af2c658261b59823334458bc6d8fe7df13b2259667b86e24a1197b0cdf930f8d7a3853c761a95385196915cbf58c2d2bdaef9a787ab37acec7f50783fc492cdb86b19c27899d3fac648e58acba3aaa95b2fc5d7a952bc5de4f9feab8cabab4a36a78aa30b350b9f59f84efd44719c8e40e98e3d79e475e7fc2bd96d3515f247cc3a7ae7a0e4f1fa63f4ce6be4bf0c6bca113e71c601c139ed9eb9e3b9af59b6f11288b890631c7cdd0e3b9fc3ae391f8d6795e6715463ef69caafadfb25fa77d1f7df4cdf29a8ebb6a3d77b7cbd2fd3ced6f5ed35fd417cb6f98743d4fd4927af5c0e9df1ed5f3178eaf54c73f391839e7df07839fd3a022bd1f5cf102b46e4c9c91cfcdf5f4c63d71ef9278c57ce1e33d6c3aca038c90c000792724607afa75f4e99af273ecca12a73f796baefe9fae9df6bf43dce19caa6ab53bc6cb995f47dd74dbd3aebf771ff000ebe18defc67f8cbe0cf045adb49716579aed95eebf2aa6e4b2f0f69d750ddeb1772360a2ecb2865484390b2ddc90420ee9457f49d0c31c10c504481228628a28900e1238c04451e8154018fe10322be04fd823e104de11f05eadf1335bb5316b5f109ad974859e22b35af856c4ccf6d2c6580654d6ee6537878db35a5ae9d32960cb5f7ff00a74e8bebebc7ff005bf5afd43c2ee1e793e473cc711171c6e7b3a78ba9192b4a96129a9c70349f5bca152a625ed6fac28349c2eff1df1938a967dc454b2ac34e33cbf86a9d4c0529c25cd1ad8eaae9cb31ac9ed6855a54f0892ba7f557523271a8923d7e8dd87aff009faf534bdff1f4ff0067fcf3f8527af4e8febebcff00f5ff004a5efdbef7bff77f9fe98f7afd30fc844f4fa2f61ebfe7e9d45147a74e8bebebc7ff005bf5a28005e9ff00d6c7e9487bf4fe2ec7d7f967af70791f2d283818c73cf1f4e83a9e4f503ea69bcfa773d1877e78f7f43fdde08c5003877e9d47afa8ea3a67dc707e947af4e8febebcff00f5ff004a0671e9d0e33c63dbd01f4a5c1fe7dfd4f1dbff00d5ef40077edf7bdffbbfcff4c7bd7e6afedf7e0787557f0678a349b447d7ec2c3548b515823ff4dbfd1a096d6487684c99e6d3e696792084a979219ae92263224713fe88788bc47a0f84b45d47c47e27d674dd0342d26de4bcd4b56d5af21b1b0b3b789097927b8b8648d071844c9791caa46aeeca87f31fe267c5ab0f8bba47847e2df8624ba93c13ae5ef8cfc2ba53dedacf653453f853c57ace8b0493595caa5d5949ab8d1755be16f7d05bdec31c50dbdddbdb5cc7240bf9ff00895569cb85733c34552ad888c30b8b950e68bad4f0b471f858d6c5421acd469ba9183a892b29c9dda8c91f7de166370f478ff27c33c753c3e2aad0c7ca961d558aab5e2f0b568c54e973294a84ab54a706e4bd9caaba74efcf289f0a689e206b758cef0518294914e51958643020e304739ce31df38af4187c5aa2319933c752793f9fd3b723f2acdf1678323beb99f57f0bdcda69da84eed2de6977ab21d175095999e49d4c0a6e34cbe958fef2e6dd67b694ee79ec25998cc3cd24b5f195bb9864f01eab3c8381269dac785ee2ca460402639eeb58d3ee163272caf71656f214037c28c768fe6bc3e3aa538a54eb41c74d2738d3946cd68f9dc53dad78dd5b576d8febac460e8d697356a138cb7bd3a73a917b3ba708cad7b7c32b34fa3dcf41d57c525d58076248fba3927ae38feb8e7f99f0afc2dff0b17e24786b4cd4630fe1e8b5fd217c49348ceb6f1594d7906eb02f1b2335d5fc6e23f2d2447b7b791ae9d940844bcde95e0cf126b122b6b6f6be15d30e3cdb7b3ba8353f10cea3aa0b88a37d274bdc7e569227d5e431e4c4f6f2b2bc3f547c28d12d6e3c4be15f0af87ed56cb4fb6d41357bd6819d9a2b2d25d751b9b8b99dd9e69a6bfba8adac649e66965966be0f23101987665cea6679be5983b431357138ec2518d16b9e8be7ad4d3f6cd5e33a6a37738a6e3c8a5ccd24d3e1cd6b52ca723cd7191e7c2d2c365f8bad3c56b4eb4792849af611769c6b39da34e4d297b471f669b69c7f632d6d6dac6dadacace08adaced2186d6d6da0558e0b7b682258a08218d00548a28d15238d400aaa3000153fa7d17b8f5ff3f5e82be58f80ff00b537c2af8b9e2cf891f0874bf1459c7f14fe0e78ab52f0a78a7c25a9dc4506b77b69a7f962d3c4ba3c4ec175bd26e23916dafaeb4e69df4cd520b8b2d562b19dedd26fa9fd391fc3dbdf3e9d0f6ed9e9835fd7f85c56171949d5c1d7a35e942a55c3ca546719c69d6c3d4951ad425cadf254a15212a7529bb4a9ce2e3249ab1fc1985c761730a73c460f1547174e35ebd0a9568d58d551c4e1eace8e268d4945b71af42bc274ab539daa53a9194671524d07afd1bb8f5ff3f4e8697bfe3ebfecff009e3f1a4fcba376f53c76edfc5e9de8eff8fa73c0fa75efea474e2ba4e90f4fa2f71ebfe7ebd05147a723f87b7be7d3a1eddb3d3068a004fe586f61efc7503d7be718e3347e1dfba67b7723af3e9dfdaa86a9aa69da2699a8eb5abdedb69ba4e91617baa6a9a8de4ab05a5869f616f25d5ededd5c4842456f6b6d14b3cd3390b1448e5ce066bf97dfdba7fe0b437f2dd6a5e0cf820b7b67a4c8278ec4453dc6957daa69d22edb3d73c5baad85cc5ace9906a5194d4b47f07787aeb4abe5d365b76f186afe75ddd785ec3e4b8bb8d722e0bc0c7199c623925579d6170b4fdec462650e5e6e486ad422e51e79d9b49fbb19b5ca7c371df887c37e1ee5b1cc33fc5724eb73ac1e0a97bf8ac5ce1caa4a9d3577c9094e0aa4d2934a57842a34e27f481e33f8d9f0afe1f35c5bf8a7c6da25a6a96c86493c3d6571fdafe2728abb9a45f0ce8eb7dae185015f36e4d80b5843219a68d5813f961fb467fc167fe01fc278afb4cf09de69babeb51abc713cb770788b548a6527057c23e18bd962432636791e28f18783ef6d4932cfa7ca63fb2cdfc817c46fda47e367c5192e63f16f8ff5b934bb995a53e1ed2254f0ef8750be723fb13454b1d3e77e4e67ba86e2e6662cf3cf2c8c5cf8438dc7924eee49ce493cf73c9e7f1cfa8ebfcc9c49f48bce7151a94787b2da3975293718e2714d56c4f2cb4d609b846497c3521384937cd64d69fc77c59f4b1cff001caae1f85728c3e534a5cd186331ad62315cb2d1af6516e9c6497c3529d4a7252d52ba56fd4bfda9ff00e0abdf1e3f684bb9ed348d4353f0d68eb2ce6ceeef2fa2bad4ed379d8971a0697636d63e1ef095d2c7f243a869d637be278a12619bc5379f3c927ec17fc11ab5387e33fec2de2ff873afea17171a8f82be3078e74f4d4ae646bcbeb2b9f118d27e20d8ea5ba693ce95ff00b4fc4ba84f233caa2e564b98a47c492d7f2776d66588046727ea79edce79ebd0e7b0f43fd137fc102bc7074df1b7ed13f0a269805d7bc2fe0cf893a6db311c3f87752bdf0aeb93c4bdcba788bc371dc120eef2ed5490739f07c22e2ec7e77e2553c3f11e3aae66b8872acdb2aaf0c54dca94e35284717ec9534d462aafd4d537ca94a4dabb6d26bc5fa3bf89bc418af1c32bc66719de371798e6d97e6583c3e26b55fe0e270f4e966d8695182e5a7097b5cb211568394a4a1cee4cfbb3c516baef83b5bbdf0ff886d9ecb52b19195d58379371092c22bcb491828b8b4b90a5e19506d61b95b6ca9222e07f6f37fcf4f4efdff3f4efdfa1afd51f88df0afc25f13b4e5b3f10da325e5bac834ed6ac9843a9e9ccd82de4cd8649a0623f796b74935b124911aca1254fc1afda13f685fd9abf67ef8b7ff0a8b56f8f3e19f116b9677d2d9f8aff00e11cd375fd7dbe1c3424e62f1e8f0f69dac41a75fa1568a4d234c9f55d72de552d7fa4d8c2f1caff0059c71e1ee69c2d5a78cc2d4a58ac8eb6229d3c357a989a3471142788a91a7470d898569d3e79f3cb9235a8f3c251fde54546ce31ff0073322f1d780a393d2c4f1be7597f08e3693a187c456cd2a7d5b2cc5e22aca34a9cf07897cd08cabd471ff65ace15612938c1d6a70754fa5575c776544667772a88880b3bbbb0544455cb333310155416dc40504915fa2bf017e1c5cf833409fc41e2287ecfe23d7a28de7827509268fa4c404b6fa7ca5f263b991d9aef5004a012182da4526cbcc6f2ff00d96be1ff00c15f12785343f8b9e06f1de81f192cf54479746f15687731dd787ac2e617f2ee60b4b2def35b6af6532982ea2d5e38b54d3ee55e27b3d3ee03a0f6cfda33c7d1fc2cf803f1a7e233bac6fe0bf85fe39f10daeec6d9350d37c397f3e9b07cd807ed1a82db5b8c90034817a57e9be1df0155e1ba75389b886747eb94b0b56ae170d4aac2b53c0d0745cab622ad6839529e227494a3154673a54a94a6fda4e734a97e6de2df8b3966759757cb787eaca59061e9cb1b98e6928ba6b31a7858bc44218684ad38e069f22ad2a95630a95ea4216842953bd6fe163e21fed0fe39d3bf6a0f8dbf177c1faf5f58cfe23f8f5f14fc73a1cf6da86a16373a643abf8ef5cbdd26e344d5f4cbbb2d6342bdb6d2a5b5b48753d1350b0be582344f39a3f94febe7ece7ff0005eaf8bde0ab7d3f46f8acb0f8e74db458a13ff09840f75a8ce8b80517c7fe1bb3b7d6ac9704b7da75ff000678ff00512799efa5c6eafe7ea4d3a48eda159d9a598429e74ce72f2cbb434b2331e4bbb967627a92493e985221462a73d7b81d31fe73efed5fc6f95f88dc4d9466d9866792e6d89c23c763f138cab87551cf0f5655ebceb7ef68b7c95145cf48cd38778b4d9fe0664be2cf18e459de699cf0f6798cc0bccb32c663ebe1bda4a785af3c4622a575edb0f26e9d55094f484d4a9ff34649b4ff00becf807ff0572fd94be345bdb45adebfff000ac75390462e2eb5cd46cb59f04dbbb81f35d78d74ac41e1eb70e446b3f8f74af05b48cc80427771fa71a4eafa4ebda6d96b3a16a9a7eb5a3ea56e979a76aba4df5b6a3a6dfda4ca1e1bab2beb3926b6bab6950878e78259236520a31520d7f97169daa6a9a1de45a868fa8dee977b09dd0ddd85ccb6b731b77db2c0f1be0e4865c90ca4820e483fa0ff00b2b7fc14bff688fd9835cb7b9f0cf8beed74792e237d5743b8b58b52f096b881b74abaff0083a496db4b79ee0926e3c43e1a7f0d78bdcf336bb77186b57fdfb84be923554e96178bb2d8ce9b6a32ccb2e518558ec9ceae1a4e346a5dbd5527878c629bbcdda2ff00a7f81fe9715954a382e3bca63529c9c612cdf2a51a75a37693a95f07270a152edddc68bc2c6104e57a924a32ff00427fcfa8ee3d39fc7d474c7239a2bf3cbf609ff82897c29fdb8fc31736da32c5e14f8b7e18d26d753f19fc3e92f23be85b4f96e16c878a3c1fa97eea6d73c272debc5692cd756761ab689a8cc9a66b36103bd9dcdf15fd4b9467196e7d97e1b35ca7174b1b80c5439e8d7a2db4ecdc6709c5a53a7569c93855a55231a94e69c6714d58fed1c8b3eca38972ac267591e3a8663966369fb4c3e26849b8bb3719d3a90928d4a35a94d3a75a8558c2ad2a91942a42324d1f26ff00c1707f6b24f81bf00b42f847a4deac5aefc65bbbcb8f13244ce2ea0f86de15b8d3e6d4ad3f744148bc5de27bdf0ef862e91894bbf0fdc789a3fbc9cff1837fa8dceb17b77aade5c35d5d6a57335f5c5cb36e69e6ba769a494b83c97772d9e9838afd31ff0082e27c779be2d7edb7f11741b5bd79f43f8591689f0934a8924636ca9e0e82e358f11491460f962493c73e2cf1169f79201e6c92e816f0cace9656c23fc80d2b5b96c3114a1a6b52784ddf3c593cb464f0472498ce149e4152493fc07e317174f88b8ef3787b472c06535e79460926dc231c0ca54ab4e36d251ad89f6f5e32b5d2ace37714adfe6078f7c773e29f1333da6eb39e599262259165d14db8538e5d39d1c4548d9f2ca188c5ac4e263349b4abdaee36b77ec33c633c0ee4f1cf63d38fe1fcba1c9145e638079c1f4ff0ebf5c103038eb50db5ddb5e4625b795645c0dc33f3a1e7875fbe87bee603d57209ad6b28f73838efc9c63a0ee338e3d3dc9e95f98549a54dc959dd68d59e9dd6e99f8d55928d3738b4e2e378c959a69ef67b7736f4db1c91951db1c77fae3207a74f5eb5fa73ff0004b0f1a1f86dfb6d7c22b879becd65e3fb5f14fc2dd4e462523960f13690fab6936d295209fb478a7c37e1f8e15f9835d183e507e65fcedd22dc36c2401d0f439e7f4fa63823b715efbf0b6fe6f0c78ebc07e2bb4d427d26ebc29e33f0af89adb54b48d25bad3a5d0b5cb1d496eeda2955a3926856dcbc71bab239c23ab2b1078387b8a170c71970d67b3a8e1472cceb2fc4e264bfe812388a51c5a767ac5e1a5562d6978b7e879bc2dc64b8378fb847892a5574e864fc4396633172d6df51862a9471d1693bf2cb092ad16bb36acd268febeff683b3f8adf1fbc3df147e03fecffe24d47c1bab5af82f5fb7f197c52d1ae058ea7e1fd76ef45b89f41f01f84b559219e3b1f14eb529b25d735b8adaedbc31a16a0ad68175db98a5d33f8579fc3da8f83ae750f0d5d6971780ae34cd46fb4cd5f4e78ae0f89e4d56d2ea5b5bf8f53b8b86b9d6eef5092f12517d345e5da4b79be692289426cff49af851f0f3c3df0cfc17a6786fc3b2c97d0309753bfd72e645bad43c47aaea4df6bd435fd4ef4167bebdd56e257ba9ae5ddda53202adb00afe19ff006b8f8f7e06d2ff006f5fdabbc6363f09fe1ef8cc4bf19bc51a0688fe24b5d524f0f5addf8535693c37a87899f47f0fea9a0dbeb373ac6a1a4dc6b329be9a6b4d4ae2ee5b8d522d4967c1fed4fa45e0a84f09c2d8ea99a4b091963717829d093ad530f5294e84712b14a1414a6e74254951b412f6ab154f9e708d3bbff433e95f97e1eae0782f32af9d4f0119e618ecbe78693c454c255a5530d1c5ac6c69e194aa3a9869515877c8a3edd6369f3d4a70a577faddff00049bfd953e2a7c2afd9cb53fda1be18cdad45ad78935d96ff54f857ab5c8b5f0e7c4bf0cd80922bcc58b3b43a478b6181203e1df11c6c9343307b1d4a29ac25bab13f477fc152be36e87aa7fc13ebc4f7be14bd971f193c43e09f015925c44f69a8d891e29b3d77c5fa46a96326d9acf51b4d1bc2baf687aa594c375b5c4b22b87014bfeb77ecc7ad695e23fd9f3e106b3a35969161a75f780f4278acf41d32c748d222962b65b7bb163a5e9d0c1616313de457127d9ad618e089ddc2a01815fcf8ffc16f7c2fa67843c61f0d3c3de1ad4e7b1d1bc6b7daefc57f12782e111ae949e2eb2b11e0db3f15db409b7ecb77ab69d77a8d9dfe10477b269f6f3ff00ae82476fa3e38c7e1fc3ef02b329d2c5d4aea970bd2cab0b899b97b4ad8acee14f0342ac1394dc6d531dcf18a93f674e29a6f935faef11b32c2f85bf46bcde7431d5310a8706d1c97058b9b97b5c463788e14f2dc3d6a69cea385aae65ed2115397b3a304d49fb3bbfe6cb56d3826e21781b81cf6f4fc3d07ff5abcef51b60ac481839e3ae0800fb73c77e80600e6bddb5bb400c836faf4c700e48ed9183c74af26d5e0dacdc77ed9f4381d707031f97b66bfce6cab14e6a1af6ea9f677767d2e7f93792635d450bbdec9eef6b6fe8f4efafa3386201e0fb763fd0ff00faba9a819464823fbdd41ff27d48efd4722adc836b11f43d71d49edefdbd7a544c0107d793c1e78ff3f87415f4db9f5fb9f5c7ec1dfb4a5ffeca3fb52fc23f8c2b77343e1fd07c490e9de36b78cc8c97de01f126cd1bc616ed14677ca61d367fed7b58d55c7f686956523452988292be425e1813923383c8e41043601e32572083c6338ee28afd27837c54e2be07c06232cc96ae0de13138a78c953c6e1de23d9d7953a5466e93f690e48ce1469f3c52b3e5bef7bfebbe1ff8d7c6de1c6578ac9f87ab602580c5e35e3e54b30c2cb15ecb113a3470f51d06ab53f671a94e852e78d9a6e0a4acef7e9fe32f8f752f89ff0012bc61f10358321d53c65e20d6fc5ba8097fd625ef8b358bff0013dcc4e727735bcbabb5beff00e210838030079851457e6988ab52bd7ad5aac9cead5ab3a95272d6539ca4dca4df56db6df9b3f1cc657ab89c4627135e72a95abe22a54ab396ae752727294dff007a4db6df56c9619e6b77124123c4e3a32120fd08e8c3d43020f715dfe85e243ba35be4ddf301e744304923abc590bd4fcc531ec9da8a2b92b549d383e595afbadd3d62b67f99c75ab54a5466e126972c747ac5ded7ba7a6ced75676eb73dcf40b9b5b90af6f2a48bf29382772e7b153861c7af3d715ecba205c47c0cf19c01ebce7be68a2be233b7cd4e4deed5f4db789f9cf10cdce9ca4f77177b5edf67bb7f99fdbd7ecc7f19ed7c47fb11fc3df8bfa95d863a07c1bbabdf10dcb10cd15f7c3dd1afb4dd72590138cf9fa05c5c0de41689e32df7f35fe79be22d62ff00c59e25d7fc4b781a5d43c47ae6a9aedeb12d23bde6af7d3df5c3339c16769ee5fe638249dc464d1457f6378b199e3334e0cf06ab632aba95317c1586ccb112574eae331596e46eb5595dcaee4d36baa7296aefa7f7f78e19be3f38f0f7e8ff0088c756752ae3fc3fc1e6b8b92ba7571d8cca386dd7ad2e672d64d36baa739ddbbab7f7bdff0004a2f16cfe2efd87be0f4d76ecf75a469971a2ce1f3ba37b39be68d875560eee4a1009270457e127fc15f3e23c7f103f6bff001569704e27b2f867e18f0efc3eb7dac1a34b9b44bbf116aaa30483247ab7892f6da6246e0d6c216ff52a01456bf48cccf191f02bc38c3aa96a799e6990c319bf355861322cc2bd18377b72fb6a74aa4959de54e0d72d8dbe9659be3e1f46af09b0b1ad6a79c671c314f1fbf357a782e1acd715469b77b72fd628d1ad24d3bce9536b96d67f8ddaf282d20fe43d09c0f4fe43b75e6bc7759032ff005ef8ea3a75f6fc73ed4515fc8792ed1f45f944fe11e1d5ee41f76bff006d3809ff00d61fafa63b9ff27d7a8ed50fe7dfd3f0ff00eb7eb4515f691d97a2fc8fd063b2f45f911baf71eb93fa7f5fc73ed45145319fffd9);
INSERT INTO `image` (`resume_id`, `img_content`) VALUES
(21, 0xffd8ffe000104a46494600010100000100010000fffe003c43524541544f523a2067642d6a7065672076312e3020287573696e6720494a47204a50454720763632292c207175616c697479203d203130300affdb00430001010101010101010101010101010101010101010101010101010101010101010101010101010101010101010101010101010101010101010101010101010101ffdb00430101010101010101010101010101010101010101010101010101010101010101010101010101010101010101010101010101010101010101010101010101010101ffc00011080078005f03012200021101031101ffc4001f0000010501010101010100000000000000000102030405060708090a0bffc400b5100002010303020403050504040000017d01020300041105122131410613516107227114328191a1082342b1c11552d1f02433627282090a161718191a25262728292a3435363738393a434445464748494a535455565758595a636465666768696a737475767778797a838485868788898a92939495969798999aa2a3a4a5a6a7a8a9aab2b3b4b5b6b7b8b9bac2c3c4c5c6c7c8c9cad2d3d4d5d6d7d8d9dae1e2e3e4e5e6e7e8e9eaf1f2f3f4f5f6f7f8f9faffc4001f0100030101010101010101010000000000000102030405060708090a0bffc400b51100020102040403040705040400010277000102031104052131061241510761711322328108144291a1b1c109233352f0156272d10a162434e125f11718191a262728292a35363738393a434445464748494a535455565758595a636465666768696a737475767778797a82838485868788898a92939495969798999aa2a3a4a5a6a7a8a9aab2b3b4b5b6b7b8b9bac2c3c4c5c6c7c8c9cad2d3d4d5d6d7d8d9dae2e3e4e5e6e7e8e9eaf2f3f4f5f6f7f8f9faffda000c03010002110311003f00fefccf4f53dff0c9279e0707a6383d06452f249c7a720819e87923d727b0c73dce4518c8f4c67b1079edd3d49c819e38193d50eef9b1cf18cf424f4c631c8edc7703bf253696ac3fe07e3fd6a120ca9e873c919c640cf7ee31c9f4e3a0e9e33f1e3e3b7c30fd9c3e18789fe2ff00c5df13d97853c11e13b2375a86a176c0cf773b7eeecf49d26d3fd76a5acea770eb67a669d6cad3dd5d4a91a00373af77e36f1af857e1e784bc47e38f1cebba5f863c21e13d26fb5df12788758bb8ec74bd2348d36de4babfbebeba94ac70c50428c7e62199b6c480c92c68dfe72bff000553ff0082a7f8c3fe0a1bf1b9b4bf0a5fea3a0fece3e01d5ae6c3e15f82e6f260fed8b985a7b5baf891e258a205a5d6b59b6940b0b3bb9248742d17c9b6b6822bebcd52eaefe4b8c38a28f0d65d2ab151ab8faca50c1d06d27cee3ad477d2318ab34db49bd2efa7d5f0870ae238a7338508b74b014796a63b1314af1a4a5a52a6dfc539bd3955ecbde6b4b3fb7bf6abff0082d87ed49fb4af8abc4117c26f196a9fb3cfc0ab6bc9adb43d274092decbc6babd98468566f11f89ad3ed3a8dcea778bfe92fa5e857167a5e9de6a40ad7b2c6b7f3fc1be2efda8fe3b78fbc0971e16d73e377c58f156810ea66f4e89e2cf19eb3a9d86a3712c604ecf63777b2b48004431c1753dc46806f89125dd9f85478a7fb3a0b1b7b3f9aede30b61f2077b0b666e6e228ca303a8ea73e654998168e13100c5e400fa45fe95e28f0e1bcd27c57a76a3a4ebf045697d75a56a90496daac50de43e727daa0b902e6de630bc1208e508c04d821b6935fca59a67d9de6588af8cc6e618f9c6ac650e57351a2949df9126fe1fb2a36bdac7f59e4fc3591e514b0b43059660d55a317cb52a61a94b13cd0b255673d6a73bb393a895db77563e94fd9ff00fe0a37fb457eca3e24b4d57e1efc40f126876165721ae3407ba975df07ea3167f7d6daaf8435694e992c3328f2e69ecfecb7f1022782713471e3fb4dff00826d7fc1563e0ffedebe1d874279b4df05fc6dd274f6b9d77c12d7e92586bf6d6fb16e759f05dc4ee2eefad53cd8e4bfd1af638f57d2033b4915d594635197fced3c4fa8b32ca24586e5496f9678d4b8c63aca823b80dd17897000c8e492794f855f1bbc73f013e27f86fe27fc2ed7f53f0878abc29ac586b5637561744a09ac2e16740a1c39180191fed0b324d0b4b6f3a5c472b447eb38338cb34c8274a0eabaf95bd6be16a5a492babd4a72f854eef55bbb2bec7cdf1b702e55c4787a95614e9e1b39b5e862e847d9ba938a5c94ab41da52869a36bdddd3dcff005df8c839c724639c64f4c9e9ec7a7a9e952f4e3b73ff00d6fa7e3e9803915f9a3ff04bdff8280785ff006fdfd9db49f1f432d8d8fc4df0c4361a27c53f0d5bcb10fb0eb72dbc8d69aed8daac8658745f11c76d3dd5aaba28b2beb7d4f47dd3c9a6b4d27e96a9c80dc7393c1c8fc0f19f63df3d81e3fa8b018ec3e6384c3e330d3f694b134d5583ba935cd6bc1b5b38c9b8d9eaaddac7f276370588cb71788c0e2e1ecf1186ab2a55636b27356f7a3de324d494baa69ecc0fa83e83b0fcc9cf427d3db9e300edcf6e8318edf5f518e7fad29c9edcfd71c647719233f4fe948320018ff1eddf81ebd7ae2bb4e613b7507b0c1f5edd48e9d8600ec475a6b3019ce3b7d179c018ce33f9724f634a3a1edcfa8e47a70307bf5c0c1eb8ae43c7be30d13e1f7837c57e3af12de45a7787bc1fe1fd67c4daddfcee121b4d2b42b0b8d4f50b895cfdd486d6da699891f72339e3159d5a90a54e756a49469d38ba9524fa420b99bfb915084aa4e14e09ca53946114b76e4d256fbcfe3f3fe0e67ff82895cc571a3fec01f0b3c452c36f35b69de32fda1ef74cb961e7c6f343a8782fe1d5d792a1e68b2b078b75fb6f3766eff847609126ff004c862fe3ff00449e0b4692e5d8b470c43cf94aec062de0c76900e865b894ec67077a46d33a70b257b3fed29e30f881f1ff00f681f8c5f1c7c4eb36a9acfc54f88de2ff001b4d33ddc52f9316bbadddde69da7dbc324a6eedb4fd2b4b92db4bd3edd904569a7dadb5a4522410c689fabdff00048efd847e1ffc60d4f58f8bff001834b4f14e8fe04f13d9e97e1af055eadbdcf866ff005f82c6d357b9d47c431b4720d546990dee9c2df4b702c0bdc17b94b955686bf96788b33a9c4d9de2271a9cf158874f0f1527ece9518494535aeae5ab7ad95f44b4bff5bf0ae53478578730d095251af5292c4621dbdfab5ea4535ccdeaa2925cabb25d8f7fff008242ff00c132358f89bace85fb537ed1ba04b65e0eb5bbb5d6be177c3fd5ecde39bc537d6b71149a7f8b75cb2b968fc9f0e581b7493c3fa5dddb6cd7654b6d4a53fd930c5f6ffd21ff008290ff00c12c3c4ff1eb5b7f8d5f00bfb31fc75269b141e2bf03dfcd0e947c4571616b6f6b65aae81accd3456369a9358db45637ba6ea460b3bb8a0b49bed8b3c1323febe781ace0b5b4b78618628a18d2248a38a358a28e38d42a2471a0091a20002a200a80055e057b8db2ed8571d708c73d0ed2be983f43b9483820e4007d6864582ab82784ab08bd39b9ecbdda8ed79aeeb99b691e3d7e21cc638e86321564a4af054efeeca12b7bad7a69ebd4ff00369f8f5f04fe2f7c14d6ee740f8aff000f3c59e04d56391d161f146857ba60baf9dd449657ad08b0d461708de55cd84d7504e8a248a795194d7c5fa9665bb9079792092762e582a8f9995946588041391900f419c57fa8e7c4ff0000f81fe2368177e1bf881e0ef0c78e7c3f7913c579a1f8bb43d2fc43a5dc472637ac963aad9dcdb3f4dc0bc6c44812505645561fcd6fedc7ff00044ff82fe248359f1c7ecdd7937c25f18da47717a9e0e9a59f53f00eaed0c72dc1b4b249ccba9f866ea79511619ed25bdd39158a49a746b89e2f9fc470dbc0427ec6ac6b534aee32f75a8d93b68968d276b6bd3d7e9705c4f4b1f3a6abd1951aeacb9d3babe969453bbbefbdec8f813fe081dfb595f7eceffb63781b41d5b5afecef017c54d5edbe15f8ca39ee0c3a7a47e2d6dbe13bfbb0dfba8c697e304b322ee568d2cacefafe579638259f3fe8e88cbb477c82dc01ce4fbe7d8f5ebd7d2bfc8cbc290ea3e15d5e5bd0b3689e23b3b85b3d4e2b776b79b4ff00127876f9596face484ac96ece2782e92485c18af56496ddd23290c7fe8c9ff000488ff008283787bf6ddfd9cf45b2d7757b68fe3b7c29d2f48f0bfc51d0e49765f6abf65b48ed349f1fda42d83369fe288e0696f9ed879363ae26a164d14108b4127e8be16710d24f1790622ab8ce35162305ed25a3a764aa51a6dbbb6aa73351d74d96aaff94f8bbc3b5235b09c4587a7cf4eb538e1f1b2842d25553b52ad512564a54f962e5d5e8db3f5bb8ef9e777f3e831cf3d47a8ce78a380472791d71927a74fcb39c11cf04669dcfb7f9f6ffeb8f5f6a4eebd0f079e3d3a8ffeb71edd31fb79f878c1d0f39f98773c7bf4edefc719f6afc80ff82eb7c50baf861ff04d6f8eef61792595f78f1fc27f0da09e291a2736be29f12d87f6ddb6f5c1f2efbc3d63aad84ebc8782e2443c357ebe970a859b801864e4f1dce79e07727271c9c715fc71ff00c1ce9fb69785f577f85bfb16f81f588754d7bc3badbfc50f8c31d8cab38d0ee3fb2cd9f80fc31722291c2ea5756baa6ade20d42cee238a4b6b56d0264902de4895f2fc658fa597f0e66552a4d4255b0f3c3d25cdcb39ceb5a1cb0d5372b4aed2d6d73ea382f2e9e69c4f9461e3053a74f1946be239a3cd4e1468c95494aadf4507caa379697696e7f281fda2dcb02541183f283cff00171cfb9239c918eb5fd5effc1213c3371e1cfd99b4ff00b62470df6b5e38f126b57700656961fb4c1a55bda25d281fba9ce9d69672794c37a452c41c92335fc9be85a959787e58f5bd4e282fafa050fa368f39f32ddaed798efb538c842b676ff2cb1d9e73793a442658e00d8fe95bfe088ff16878b7e18fc4df07eaba935ef88740f89173e2899ae240d3c9a6f8bf49d354384dc5c4316aba46a5b5b6a2aaccb1ac688882bf973248fb2c7d37ac632516db5bb6d369bfe6d767ab6efadae7f58e7b193cba3caaed72a972eb6518f2a5a5ec9696badac9ec7f4ade1345fb34048e4b2838e070d81803dbf3eb5ebb013e50ff00700fc3e535e3be129736b080fd181200240e7b1f5e9f9d7b05b9ca0c64fcbe9eab8fe7fe7ad7ea942dcaad6bf2c76def6d7f4bfc8fcab19babecdbb79adbfcbef5dcc5d73fd593df6839f7cb735f2c7c474568ae77283f7ba81dd5b3edfa7079afa875d9034654724af4ff0077939edfe7d2be3ef8cbae59e81e1ff106b97f7115b5968fa5ea7ab5e5c4ccb1c56f67a7d95c5e5c5ccaed8548a286092477721555199b0a09ae3ccadec6ab76f87776feef57f33b72e569d0b2b3e783d347bad7a5f4e9e67f069f1b0c1a67c66f8ab676a5522b3f885e2f821550022c71ebd781005c00a1422a8f97eea85fba00aed3f661fdabbe2d7ec89f187c2ff1b7e0debeda478afc373b25c58dc34b2689e28d0e7caea3e1bf12d824d126a3a1ea30bb2cb01749ad2e560bfb3782f2082e13e73f1df8ca3f19f8c3c55e2bf2fc99fc45e21d675974550a8dfda5a8dcde231563fba758e65591178f33239e6b92f3f72190dc4431c6c2e7cc2719004688cdd4e338c7735f995373c263a9e3f0f274ab61ea39d29c1b8ca324d3bc5adaf6b6e95b7ba3f5baf87c363b092c16329d3ab86af4a34ea539c633538ca31de124d3b36dabdedd168d2ff55ffd897f6b4f057edb3fb39f807f680f0321b3b4f1459c965e20d0247596e3c2be31d2992dbc47e1dba7fbd2358dee5ed27711fdaf4db8b1be1185b98d9beb507246723938ebe83939ebdf0783edd6bf9c1ff8362fc31e25d1bf60af1f788b5749e1d0bc67fb4678cf55f094526ef2ae34ed27c1df0ffc37a96a96c4feeda0b8d6f49bfd38b464e67d1e756019467fa3d562403f5079e4f03d71cf7f5e3afaff005b70f633119864d9763312946b57c3539d5ece4e29f347ba7df63f8ab88305432ecef34c16166e786c2e32b51a2dbf794612b72c95f78edaf5b9f8d5ff00059fff008298c3ff0004f0fd9ce093c17f64bef8ff00f1826d57c2ff0009ac5c41730f86c5ad8efd6fe226ab653878ee6cbc302e2cd34db49e268354d76ff4fb69a3934f8354921ff36ff15f8efc55e3cf13f887c73e33f106ade22f16f8a757bed73c49e21d5aee5bad5358d5f529deeef6fafaedd84934d7334ad23127003285c2ed15fd6a7fc1d77f09bc6c3c57fb2c7c70b7b2bbbcf87d0681e2df8677b7c88f2d8691e2bb8d4adbc4b616d7442b476d2eb9a5c57d25a3398de71a45e247bc24a17f8f96911d0929e51cfcc109c127be3b673c63823df15f88788f9963ab67957015fda43058584258785da85694b954a7bd9db757d51fbff857956030f9052cd29429d6c6636b4e9e22bbb39d274bdef60935cd1696b2d395df4dee5c37aecdbb79381bdb71e4e39fbed9207a3316038620f35fa53ff04f0fda7f4efd91be37f83758f154fe4787be274d1787bc7824f97fb0bc2d7922a683abdd2b03f6792db5a61a9dd290674d2126651b252b5f9a96b79159c8b2a5b24b322868a4b8fdea4454655960002c8d9e7f7acea0f052b5f4bb46d735096ff58bc912c2dffd335abf918bc86147122c30866f9aeae4e21b58770525fcc621236afcf29cdc2b53a90d39649b5bdf55fd6bfae9fa8575eda9d484d2e5945a496967ddff00c0fb8ff4cef871ab5a6aba6d95ed95cc3776b770c1736b756d2c735bdcdb4e04b05c432c4cd1cb14f1324b1c91b3248ac19495209fa0ed0fee55d7078031d7a03e9df1fd3b57e167fc11f7e2bebde26fd8abe156bde2abbbcd445bea7e39f0fdbc934b25ccf61a2e87e37f1058e8764af205926b4d27498ecf4b8397956d6ce252c540cfed9e8be24d1aef4f12dbea765226c04b19a352add4890121a3c742ad8c7a0afd2b2fc4c2b50a736f95ca30d1eedca317d2fe5f79f9366b87952af2a6bde709c97baba45edd37b22bebd2aac64e3a2487a8c74ce0fbe78eb5f80dff00058afda7a0f835f00359f06e853dadef8e3e2806d0574817113dedaf81ee1dadbc5dae5c5a64ceba71b59e0f0fadd4684adceb11b290b1dc18bf6afe2478f6c74dd2b56934955d6f52b4b0ba9e1b1b2942ac93430c922c325c2aca9179ecab1a011bc8725a342457f9dc7ed6bfb48fc47f8fdf1defbe3578d6fcdc2789748d36e7c33a1f98d368da2783ae6d6546f09592111ab5b59dc35fd95fcc1125bcd43ed7a8c8b1cf2948fcacff001aa141d1a4ef2a97bbdaca297cef77aeda7a9ee70ee0655eb53ab515a149a7cbaeb7b2f4d12beefa6963e71d5120dcf7fa448f3e9970dbe388b6fbab03b547d96f114330110c08a64568eea202652aceca2859c3a85e9730c4fe54437cf752e21b5b588021a69ae1d95214ce154b942ee4226e93e5a4d420b6567d434a690e9f365fc904fda2c19ce0daceab82e88dbbecf3ed559a2c1c2c82455ca927ba7416fe7dc3c21832c259cc7b8807222ceddd9e3206ecf238c57c4461eea69f4bbbf75bed7ddddfe07e86e6d5f6b2fc968bf0ec7f73ff00f06c6fedc1a678fbe0ef8abf620d6b499edbc57f0622f117c4af096bb042aba76bde00f14789ed5f51b3bf0a15edf5cd0fc4baf021a418bfd2f55b651b2e34db979ffab518c7f319e07b8ddc75e3af7fa57f165ff069dfc39b693c4ffb5e7c54b84dd7fa6e8df0e7e1f59991537dbdaea779aef882fbcb20975fb63e93602742026fb44c1dca71fda6291b72081ce383dc763d47afd38fc3fa7f81ab56adc35974abf2f3724a34f95b7fba859453bed6575d3d0fe44e3fc3d0c3f16e6d0c3a6a9ba94ea4d3fb55ab538d5ab35e5294eeb4ddb7b58f9c3f6aefd97fe16fed85f02fc75f00be3068f16a9e11f1ae9725bc7770244356f0ceb90a349a278af41ba96290596b9a05f7937da7dc63cb2c925bdc2cb6d71344ff00e61ffb75fec39f16bfe09fff001e3c47f04fe2de9535e69e64b8d47e1e78faca3f2346f885e0e330fb0ebba35c06b811dd442416daee8b744dee95aa2cb6eebf6492d6ee5ff57c74ca90c38200e7dd71df3c81c66bf15ffe0bd9f053e0a7c4cff82767c62f137c50d0d2ebc5df0c74c8f5ff00831ade9b64b378ab4ff895a86a3a7693a2e8da3bc304f793e9de259664d37c49a7428d14ba4a3ea4e892e9305c41c7c6fc31433cc055c5537cb8ec15094a138af7a7ca93f66e37b49bdaeef6bf73b380b8b711c3d9953c2cf9abe5f8fa94e35a8dfdda139b8c5568b7a269bf7ecd7346f7e88ff354cc4b2fcbbda22a0fcc235704f3f298cb0dbe9f3371d09abaf733ceb15840a52dcb8716b10f9649482aaf2f2a66970c17cc7e5305bf84d7d11f0fbf64ef8b7f102ced35ab4d2ac349d0af225960d5b5ad62d218a58c866cc56562ba96a3237dd5606de345972924b1738facfe157ec59f0f7c3de32f0adf7c65f13eb5ae785a3d6f4c7f12697e148e0d204da60ba885e47fda37b06a378f088b789d2ded6ca69e2df1c57768f22ca9f8c65dc0fc4f8f8c270cb67083b3e79bb68adadafb3d5ab6de9bfeef9a71df0d65bcd1ab98aad3b694f0aa3527172b59564d3e48ad9b56e9b9fd3a7fc131be175dfc2efd813e05693aa47245a85f68da9f89ee43280e5fc6fe28d73c5b1a4830093058eaf6b6a87ef6d8406e41afb44aae1be551b893c280cc4119dc40c370392db9ba90c326bbfb9b3d0ad3e1b783d3c1d6f047e138ed34eb7d2c582a1b2b6b08ed516c208fc848e28e136cb1c76802046551b46c00d7084038cffb67afd3f973dbb7d457af5f2fc56593860713074ead18479f4b5dc128b5bdba36b7f23e768e63433552ccb093a55a8d5ab25caa4db4e4d3d35dd5d2d6e6be8f61f6e37f12286716ad22205e372af3f789ce003c70369e9d6bf805fda73e165efc35f8b9f163e0c5cda496facfc2df883e2a8fc3b6d2fcb2dff81357d4a5d5f4e8ad300099ed2cae6c3528218f064b7bcbd9e152917cdfe82be020e7c436f6ca370b94963db82c58940028507249e4638c9fad7e2dff00c164ff00e09bbf0ebe204b37ed2961f1053e1afc48d1b4bb2d0ef74e5d186a36be3578ee1e3f0f5bdc4b6d7b657963acd81967b58eed16e41d34451baaae9e11f1ad906659e518cb2fa53ab56949b6a0a2dd9f2dafa75b3dfb2d0ecc2711e5990e224b30c446842a28a5cef6b3fb3e974ddacbe4cfe37e391e27e19c0c60800a953df91938072181030411d41ab50df5d4598ed8aa3c8401347042d72039c32c770211769b813f2433aa924861c907ea8f13feca3f1bed125ba8349d17c6310049b8d1ef60fed338032d35addae9d793c8fcb0f20debb0072599828e23e15fecd7fb407c61f8a7a17c17f865f0b3c61e20f897e23bafb369de1eb6d12ee09c41955b8d42faf2e116d34bd16cd2512df6b17d736da7dac43ccb89e2042b7ce56e1fcf70d5550c465d88a536f9611586ab5235364da9c7dd5abd525a5ddedd3eb70bc4990e268cb114735c2d5c3c54a539bc451a7c8b7b384bdf774efafe47f411ff0006b6f89be3169dfb62fc5af02f87e599fe0f6a9f066f3c49f142ca54596c6d3c49a4eb9a2d9780ee23b9017c8d7669757d6a28e28c85b9d2df52fb4c6f2da23c7fde9c7f74e077ec4e0e00ce0afbfb0e33c724d7e507fc124bfe09ade1aff8271fecfa7c257f7761e27f8dbf112e2cfc4ff197c69669e65b4bac476ab159784fc3d752dadbdd3f857c33134d158c974a2e350d42ef52d5ae1221790d9d9feb02818fc7b678c0c03c107a647e5dabfa3383f2bc465191e13098b6feb3cbed674dbbfb2552cd4176496fa257ee7f2e71966d85ceb88b30c760d2fabca71a709a497b5f65154fda596c9a8ab69b58fcb2fdb0ff006e5d53e19f88ae3e1c7c2d7b48f58d39e383c51e2d9e1b6bf8f4cb99514c9a76936b309eda5bab2578ff00b42e6ee32b6d70e96f6f1c9224f247f959e3ff0089be3df88b75f6cf1978c35df12b1633c516a5a9dd5c5a425d7efdb59bb9b483e42a3f71042c538fb8028e6fe34c7acc3e23f15dbf893cc1e205d7758875b32960c752177742f89ddc853706468ce3055891f2ecc70de19bd6d47c3ba75cc8dbe5f2e6b691bbefb5b892d8eec753b6251ce071eb5f6b4e9c62bde57f2bff0057f3d97ebf15566efadd2d36f55f85fb79fcbc03e21fecff00e13f125ede788bc352cde03f185dc8d35ceb7e1f8e31a7eaf72d9defe23f0f48aba5eb0d312c24bb315b6a7f3178f508dd99abe29f885a0f8ebe1f4531f1d68693e8f18665f1c785e3bad47c3062e5449ab5bba2ea7e1b9393f6817d15ce8d121c45adb974cfe9d789ff00b6174ad457c3ff00d9adad2c127f660d5bed234c3780b79297f25a069e281d82ef9224664425f63e369fce8f1efc49f1eea5737fe1ef16ff0068785359b5402f7c3a152ce196dce62fb6e997716c5d6f4698b3a437eb712a67f7374b6f711cd6cba5a29251565dbfa6ff00aefd344f48aead7df6b3d4fdc8ff00824afed31a778f7e1ccdf09fc593daeb537838c5a54b15d347711eafe0fd59a57d16ec81230912d0abe9c2e62024892dede613991d4b7e9ffc45fd9db57d3efb4dd47c01049ae681e20bb8e0b2b43327db74a96eb73ac37323853269e9e5c9b2f159a589232b323104bff1e3fb207c67b6f81ffb4dfc34f106b1ad49a0782f5ef11693e11f1e6a31c68eb61e13d7b51b4b4bdd564819d11974195e0d5db2559a2b29612079c107f7e02c62d3b43f09db7872687508a3bfb37d3aeae6e9a6b6bd865d2f509fed02e21f9268e780bcb0b440444326ccae08f9cceb25c0e6c9471147f78a5755e3653495bdd5adf4b5afa7933ddca339c7e4d394b0757dc9abca84aff576da5ef726fed6fab92d2fb5d33e518fc0fe1ff819e1f9754d5ae20d4bc73736cc65b85c7d8f4a8e48c07834f89f6e581ca4d7ac8924843342214196fe5ebfe0a33fb4a7fc2cdf8ac7c096faac43c2df0f676b9d5eea59a35b2b9f14dc4528bb2d33b88986936521b2591c8786eae35584294cb8fe937fe0a7ff00103c0bf037f660f1c7c5fd7750934af185a4569e1ff01db5b4f103e24f1b6b6ed69a3e9b2595cab457705a0373abdfcf1462e2db4ad36ee62ed1c2107f0ffa05d4dabea5fdadab15d56fe7d497599ee353821be79f5269cdd35e4f1dcc7324d39b8769cf9aaea66218838aefcbf0584c061e9d0c251851845a4f4bd49356bca72eb7f5dfa1c59863b1598569623175a756acdb776fdc8ab2f762ba5beeb58f7ef87da278e3c7de52f807c3335e69eec00f17f88bed3a1f83238f2419ed6fda0b9d4b5fdaa18431e87a7dcdadc302b25f5b26d9abeedf82ff00072ffe1d78834cf1c5f78f7c517be34d2a459b4f9fc37aa6a5e0ed074897e63b6cb4ad16fa29b525e596497c417faba49c186dadd0b46de29e00fda1552e747f0f788b4bbad5758d52486d74d87c31a7bde6a9700bac6f70fa1d942644b2b60de75e6a11b4165696c1a49d6287695fb7ec46572463846dbd700ff0e719181db031d0818e3d270a72d2704fb3ebd3fcade9eacf3fda548bb29351baeb65d1bbf95d76ee7dedf0d7f6eef8d9e0e1059f88af2c7e20693118e368bc416eb06aaa9bb07c8d6b4e8e29d8ec1cbdfdbdf9dc005890659bf4dff67ffdaabe1d7c7ffb6697a235ce87e2fd2edfed5a9f86354781e730ab2c72dd695790318f52b589de3f388482e60dea66b4890abb7f3b3aeea4747d0756d49480f69693c91938e252be5c647bf98ebfd79c56b7c00f197897c0fe22d2fc51e1c6ba7d6ed63d404496f13cd2dc2dfe9f736f70ad12733810cef39041d8610fc08c543a31a9182a71506d5f9afdada59dfefb771c6728b9393e64dad16fadb6ff002ff2d7f413fe0a4bfb36ea562f79f1cfc1fa74971a35faa278eec6d6dcb3e957d1c4d1c3e227452c4586a08123d46450bf65bf8e3b99014be99e0fc96f00b13e178d89e3fb435303ae33f6b7c81ff03273fed139e6bfb0bd4b4eb2d5f4ebcd2f53b5b4d474ed42da7b3beb1beb78aeacef6d2e50c3716d756d306867b79a2768e5865568e44628ea41afc5ff00da37fe09e37fe105bff147c01b09b55f0dbcf7ba9dff00809258db53d14dc4c6e651e1b33491b6a5a72486468f4ccb5ec117ee2d52ed23444ce8548a4a336fc9fe9e5aebf80eb53e683e55ef6965f357fc3f2f99f9477a4e14e4838604f439e720f7e9807fc6bc5fe25780bc37e3ed37ec1af5a1696dc9934cd52d5960d5748b865702e34fbbda5e3dd811cf6ee25b4ba8dbcbbcb6b8b7de95ee1ad59dde9f733d95eda5c595e5adc4d6d776b7319827b6b881992686685f6c914b13ab2cb13287460432a9040e0754e87e83ff0066ff003fe4d7479f7d88517a7368d6cbd52dfccfc81f8d9f0bbc57f0f9e592fc1d53437976d97896cedf6c12e398e3d4ed43c9fd9978d819124b259cec8cd6f2b86f262fec37fe08dffb624dfb4dfec7be0cf0f6a9751eb3f157f67ad6f4df863e2cb59efa35d4354d120d13565f037886e66915d80bff000edb5c69f2ddc91ccd7da8787b5295dfcf794c7f841e24b5b4d46d6e2c2f6d2def6d2ea1921bab5bb8927b7b885d7698a5865568a446fe247428dc6402335e27f053e217c53fd84be25f8cfe237eceb776af63f153c23ad780758f08eb37f35a699a2789f55b0beb7f0378dac6558a66b9ff00842f5dbc37d15a4cad750d8cda8dbdb5dc69783cae7a9093bbb6d77d3abff2345552b2d34b2ebe5d76ff002f91ef3ff05bbfdb597f685fda862f81de0ed50cbf0c7f6769affc3fa87917227b3d77e2acd3983c61a8308d52378fc36a96de17b350f3ecbbb0d6a68dcc7a82c56df13fc21f825e34f1a25adece927853c3d28590eb57f6626d46fa105770d1b4994c4cde6b12916a57c61b48c0f3a0b7d4577475a9fb3dfc25f0243a8df6bdad6a7378f3c7f25e4faaeb9a9f88201242753bc9ccf7ba959da5d2ca2e5a6be92791b53bd96eae04ec5ca5b39894fe84e9580b18000c0e8011b7181800923a6000157681850326ae9c344de96b5bf50949cade41f0d3e1a7847e1eda3c3e1ed302df5daa7f6a6b97ae6f75dd59d7396d435393323c48e5fecf690082c6da3c2dadadba6225f70b2e4bfd53a7ae41278f7c938ef93835c7e98d809eadfcf3dfdb9fc3d2bb7d26d2e6ea68adad2096eae6ea5586dede08ccd34f3123645146a18c9239e026377723041ad9ad13ef7fc198c9bbdbb34d7dda1cf7c4127fe10cd6c29c9d96c197bed6bb801046010369ec41ed939afd3cff00826f7ecd57da8c51fc67f1b697247a12d85d58f822c6f6dd946ad2ddc72d95feb863918ffa05bdb34f6566e1196eae67b875913ec6165e83f677fd822f3c510daf88fe3a69ed63e1d7f22eecfc0533c8b7faca4724535ac9e212926fd3ac8944f374c21750b800c77a2d6126197f5fac2c2cb4ab2b7d3b4eb5b6d3ec2ca18ed6cececa08ad6d2d6da1458e1b6b6b681521b7b7863554861891238a30a88a1548ae5a953dd8d38bd2365ccbadada337a716aee4acdf4edb7eabe5e7b973b7dd03af75e3ff00d7d3a7b7bd35915b1b860f41838e3ea392403ededc73451587f5fd7dc6a7cfdf17ff0065ef82df1b6de57f1b7846dffb61d088fc4da195d23c4711e42c8751b7848bdf2faa47a9c17d028c2f9450ed3f973f153fe0947e2b88dc5cfc26f887a66b7063741a478de09348d44282c7cbfed8d22d2f2c279421003b695670c9264b8b74c51455aa934aca4ecad6beb64ba2ec899414b577f936bf23f3cfe237ec33fb557831ee0ea3f07bc49a9dbc01c1bdf0b9b0f12dabc7d55c3e8b797f20665c10ad12b039578d1c145f847e25fc33f889e1dbef0d5b7893e1ff008cb43c789ec6571acf86359d3d7659d9ea176cee6fac6d86d5fb383bc1551c65b18c9457452939277d75fd3cee64e11528dbba7d35d7ae9aedea741f0dbe1aadbdfdf5cf84bc2daa5e5feab220b97d3acb51d52e1824acf1db5bc70c572d0c2256327d9e05f2fcc6dedb9b81f727807f659fda1bc62f02e8bf097c69b24da05c6aba3dce856a81b1f3cb73ada5846a99c1f31984654e770043028a7524e2935a7fc3a1c22a5177bfc52d5369ee7df3f0b7fe0993f123517b4bbf899e28d17c1d65b95a6d3345917c43adf9649dead3a469a35b4d85c2325dea31aef57656f2cc727ea0fc21fd987e0ffc178629fc29e1c177ae247b24f146bef16a9afc84828ed15d34105bd86f4255934db4b38c83b769cb64a2b99d49bde4eddaeedaefd4be487f2a6fbbd5e96ebf2feae7d06b1853919ebd79ee7927dfd7b1e0f4070eeed8e79e87f0ff00ebfe439e064a2a0b3fffd9);

-- --------------------------------------------------------

--
-- โครงสร้างตาราง `jobs`
--

CREATE TABLE IF NOT EXISTS `jobs` (
  `job_id` smallint(5) unsigned NOT NULL AUTO_INCREMENT,
  `position` varchar(150) DEFAULT NULL,
  `quantity` varchar(50) DEFAULT NULL,
  `description` text,
  `date_post` datetime DEFAULT NULL,
  PRIMARY KEY (`job_id`)
) ENGINE=MyISAM  DEFAULT CHARSET=utf8 AUTO_INCREMENT=8 ;

--
-- dump ตาราง `jobs`
--

INSERT INTO `jobs` (`job_id`, `position`, `quantity`, `description`, `date_post`) VALUES
(3, 'à¹‚à¸›à¸£à¹à¸à¸£à¸¡à¹€à¸¡à¸­à¸£à¹Œ', '3 à¸­à¸±à¸•à¸£à¸²', 'à¹€à¸‚à¸µà¸¢à¸™à¹‚à¸›à¸£à¹à¸à¸£à¸¡ à¸žà¸±à¸’à¸™à¸²à¹à¸¥à¸°à¸§à¸´à¹€à¸„à¸£à¸²à¸°à¸«à¹Œà¸£à¸°à¸šà¸š à¸ªà¸£à¹‰à¸²à¸‡à¹€à¸§à¹‡à¸šà¹„à¸‹à¸•à¹Œ', '2014-02-26 00:00:00'),
(4, 'à¸žà¸™à¸±à¸à¸‡à¸²à¸™à¸šà¸±à¸à¸Šà¸µ', '1', 'à¸ˆà¸±à¸”à¸—à¸³à¸£à¸°à¸šà¸šà¸šà¸±à¸à¸Šà¸µà¸‚à¸­à¸‡à¸šà¸£à¸´à¸©à¸±à¸—', '2014-02-26 00:00:00'),
(6, 'secretary', 'à¸«à¸¥à¸²à¸¢à¸­à¸±à¸•à¸£à¸²', '', '2014-02-26 00:00:00'),
(7, 'à¸œà¸¹à¹‰à¸ˆà¸±à¸”à¸à¸²à¸£à¸à¹ˆà¸²à¸¢à¸šà¸¸à¸„à¸„à¸¥', '1', '', '2014-02-26 14:58:20');

-- --------------------------------------------------------

--
-- โครงสร้างตาราง `qualification`
--

CREATE TABLE IF NOT EXISTS `qualification` (
  `qual_id` mediumint(8) unsigned NOT NULL AUTO_INCREMENT,
  `job_id` smallint(5) unsigned DEFAULT NULL,
  `qual_text` varchar(250) DEFAULT NULL,
  PRIMARY KEY (`qual_id`)
) ENGINE=MyISAM  DEFAULT CHARSET=utf8 AUTO_INCREMENT=21 ;

--
-- dump ตาราง `qualification`
--

INSERT INTO `qualification` (`qual_id`, `job_id`, `qual_text`) VALUES
(6, 3, 'à¸¡à¸µà¸„à¸§à¸²à¸¡à¸£à¸¹à¹‰à¹€à¸à¸µà¹ˆà¸¢à¸§à¸à¸±à¸š VB, PHP, MySQL, JavaScript, jQuery, HTML, CSS'),
(5, 3, 'à¸›à¸£à¸´à¸à¸à¸²à¸•à¸£à¸µ à¸ªà¸²à¸‚à¸²à¸„à¸­à¸¡à¸žà¸´à¸§à¹€à¸•à¸­à¸£à¹Œà¸«à¸£à¸·à¸­à¸—à¸µà¹ˆà¹€à¸à¸µà¹ˆà¸¢à¸§à¸‚à¹‰à¸­à¸‡'),
(4, 3, 'à¸Šà¸²à¸¢à¸«à¸£à¸·à¸­à¸«à¸à¸´à¸‡ à¸­à¸²à¸¢à¸¸à¹„à¸¡à¹ˆà¸•à¹ˆà¸³à¸à¸§à¹ˆà¸² 25'),
(7, 4, 'à¸«à¸à¸´à¸‡ à¸­à¸²à¸¢à¸¸ 22 à¸›à¸µà¸‚à¸¶à¹‰à¸™à¹„à¸›'),
(8, 4, 'à¸›à¸£à¸´à¸à¸²à¸•à¸£à¸µ à¸ªà¸²à¸‚à¸²à¸šà¸±à¸à¸Šà¸µ'),
(9, 4, 'à¸›à¸£à¸°à¸ªà¸šà¸à¸²à¸£à¸“à¹Œà¸—à¸³à¸šà¸±à¸à¸Šà¸µ 1 à¸›à¸µà¸‚à¸¶à¹‰à¸™à¹„à¸›'),
(13, 6, 'à¸«à¸à¸´à¸‡ à¸­à¸²à¸¢à¸¸ 20 à¸›à¸µà¸‚à¸¶à¹‰à¸™à¹„à¸›'),
(14, 6, 'à¸£à¸¹à¸›à¸£à¹ˆà¸²à¸‡à¸«à¸™à¹‰à¸²à¸•à¸²à¸”à¸µ à¹à¸¥à¸°à¸•à¹‰à¸­à¸‡à¹‚à¸ªà¸”'),
(15, 6, 'à¸¡à¸µà¸¡à¸™à¸¸à¸©à¸¢à¸ªà¸±à¸¡à¸žà¸±à¸™à¸˜à¹Œà¸—à¸µà¹ˆà¸”à¸µ'),
(16, 6, 'à¸—à¸³à¸‡à¸²à¸™à¸¥à¹ˆà¸§à¸‡à¹€à¸§à¸¥à¸²à¹„à¸”à¹‰'),
(17, 7, 'à¸­à¸²à¸¢à¸¸ 40 à¸›à¸µà¸‚à¸¶à¹‰à¸™à¹„à¸›'),
(18, 7, 'à¸›à¸£à¸´à¸à¸à¸²à¸•à¸£à¸µà¸‚à¸¶à¹‰à¸™à¹„à¸› à¸ªà¸²à¸‚à¸²à¸šà¸£à¸´à¸«à¸²à¸£à¸‡à¸²à¸™à¸šà¸¸à¸„à¸„à¸¥'),
(19, 7, 'à¸›à¸£à¸°à¸ªà¸šà¸à¸²à¸£à¸“à¹Œà¸—à¸³à¸‡à¸²à¸™à¸•à¸£à¸‡à¹„à¸¡à¹ˆà¸™à¹‰à¸­à¸¢à¸à¸§à¹ˆà¸² 5 à¸›à¸µ'),
(20, 7, 'à¸ªà¸²à¸¡à¸²à¸£à¸–à¸ªà¸·à¹ˆà¸­à¸ªà¸²à¸£à¸ à¸²à¸©à¸²à¸­à¸±à¸‡à¸à¸¤à¸©à¹„à¸”à¹‰à¸”à¸µ');

-- --------------------------------------------------------

--
-- โครงสร้างตาราง `resume`
--

CREATE TABLE IF NOT EXISTS `resume` (
  `resume_id` mediumint(8) unsigned NOT NULL AUTO_INCREMENT,
  `name` varchar(150) DEFAULT NULL,
  `age` varchar(20) DEFAULT NULL,
  `address` text,
  `phone` varchar(100) DEFAULT NULL,
  `email` varchar(150) DEFAULT NULL,
  `expect_jobs` varchar(200) DEFAULT NULL,
  `expect_salary` varchar(100) DEFAULT NULL,
  `lang` varchar(250) DEFAULT NULL,
  `computing` varchar(250) DEFAULT NULL,
  `other_skill` varchar(250) DEFAULT NULL,
  `driving` set('yes','no') DEFAULT NULL,
  `driving_license` set('yes','no') DEFAULT NULL,
  `own_car` set('yes','no') NOT NULL DEFAULT 'no',
  `date_post` date NOT NULL,
  PRIMARY KEY (`resume_id`),
  UNIQUE KEY `email` (`email`)
) ENGINE=MyISAM  DEFAULT CHARSET=utf8 AUTO_INCREMENT=22 ;

--
-- dump ตาราง `resume`
--

INSERT INTO `resume` (`resume_id`, `name`, `age`, `address`, `phone`, `email`, `expect_jobs`, `expect_salary`, `lang`, `computing`, `other_skill`, `driving`, `driving_license`, `own_car`, `date_post`) VALUES
(19, 'à¸ªà¸¡à¸«à¸à¸´à¸‡ à¸¢à¸´à¸‡à¹€à¸£à¸·à¸­', '28', 'à¸›à¸—à¸¸à¸¡à¸˜à¸²à¸™à¸µ à¸›à¸£à¸°à¹€à¸—à¸¨à¹„à¸—à¸¢', '089444xxxx', 'yingying555@gmail.com', 'à¸šà¸±à¸à¸Šà¸µ à¸à¸²à¸£à¸•à¸¥à¸²à¸” à¸«à¸£à¸·à¸­à¸—à¸µà¹ˆà¹€à¸à¸µà¹ˆà¸¢à¸§à¸‚à¹‰à¸­à¸‡', '2,5000', 'à¹„à¸—à¸¢, à¸­à¸±à¸‡à¸à¸¤à¸©, à¸ˆà¸µà¸™', 'Windows, Office, à¹‚à¸›à¸£à¹à¸à¸£à¸¡à¸šà¸±à¸à¸Šà¸µà¸ªà¸³à¹€à¸£à¹‡à¸ˆà¸£à¸¹à¸›', 'à¸§à¹ˆà¸²à¸¢à¸™à¹‰à¸³, à¸£à¹‰à¸­à¸‡à¹€à¸žà¸¥à¸‡', 'yes', 'yes', 'no', '2014-07-16'),
(20, 'à¸ªà¸¡à¸Šà¸²à¸¢ à¸žà¸²à¸¢à¹€à¸£à¸·à¸­', '35', 'à¸šà¸²à¸‡à¸à¸­à¸ à¹„à¸—à¸¢à¹à¸¥à¸™à¸”à¹Œ', '08911122xx', 'somchai_pi@hotmail.com', 'à¹‚à¸›à¸£à¹à¸à¸£à¸¡à¹€à¸¡à¸­à¸£à¹Œ, à¸§à¸´à¹€à¸„à¸£à¸²à¸°à¸«à¹Œà¸£à¸°à¸šà¸š', '3,5000', 'à¹„à¸—à¸¢, à¸­à¸±à¸‡à¸à¸¤à¸©', 'VB, PHP, MySQL, HTML5, CSS3, JavaScript/jQuery', '', 'yes', 'yes', 'yes', '2014-07-16'),
(21, 'à¸ªà¸¡à¸¨à¸£à¸µ à¸‚à¸µà¹ˆà¹€à¸£à¸·à¸­', '39', 'à¸§à¸±à¸‡à¸™à¹‰à¸­à¸¢ à¸­à¸¢à¸¸à¸˜à¸¢à¸²', '089123xxxx', 'srisom99@example.com', 'à¸˜à¸¸à¸£à¸à¸²à¸£', 'à¸•à¸²à¸¡à¸¡à¸²à¸•à¸£à¸à¸²à¸™à¸šà¸£à¸´à¸©à¸±à¸—', 'à¹„à¸—à¸¢', 'Word Excel à¸žà¸´à¸¡à¸žà¹Œà¸”à¸µà¸”à¸„à¸¥à¹ˆà¸­à¸‡', '', 'yes', 'yes', 'no', '2014-07-16');

/*!40101 SET CHARACTER_SET_CLIENT=@OLD_CHARACTER_SET_CLIENT */;
/*!40101 SET CHARACTER_SET_RESULTS=@OLD_CHARACTER_SET_RESULTS */;
/*!40101 SET COLLATION_CONNECTION=@OLD_COLLATION_CONNECTION */;
