-- phpMyAdmin SQL Dump
-- version 4.1.12
-- http://www.phpmyadmin.net
--
-- Host: 127.0.0.1
-- Generation Time: 
-- Server version: 5.6.16
-- PHP Version: 5.5.11

SET SQL_MODE = "NO_AUTO_VALUE_ON_ZERO";
SET time_zone = "+00:00";


/*!40101 SET @OLD_CHARACTER_SET_CLIENT=@@CHARACTER_SET_CLIENT */;
/*!40101 SET @OLD_CHARACTER_SET_RESULTS=@@CHARACTER_SET_RESULTS */;
/*!40101 SET @OLD_COLLATION_CONNECTION=@@COLLATION_CONNECTION */;
/*!40101 SET NAMES utf8 */;

--
-- Database: `webtesting`
--

-- --------------------------------------------------------

--
-- โครงสร้างตาราง `choice`
--

CREATE TABLE IF NOT EXISTS `choice` (
  `choice_id` int(10) unsigned NOT NULL AUTO_INCREMENT,
  `question_id` mediumint(8) unsigned DEFAULT NULL,
  `choice_text` varchar(250) DEFAULT NULL,
  `answer` set('yes','no') DEFAULT NULL,
  PRIMARY KEY (`choice_id`)
) ENGINE=MyISAM  DEFAULT CHARSET=utf8 AUTO_INCREMENT=37 ;

--
-- dump ตาราง `choice`
--

INSERT INTO `choice` (`choice_id`, `question_id`, `choice_text`, `answer`) VALUES
(1, 1, 'à¸Šà¹‰à¸²à¸‡', 'yes'),
(2, 1, 'à¸¡à¹‰à¸²', 'no'),
(3, 1, 'à¸§à¸±à¸§', 'no'),
(4, 1, 'à¸„à¸§à¸²à¸¢', 'no'),
(5, 2, 'à¸«à¸¡à¸¹', 'no'),
(6, 2, 'à¸«à¸¡à¸²', 'no'),
(7, 2, 'à¹à¸¡à¸§', 'no'),
(8, 2, 'à¹„à¸”à¹‚à¸™à¹€à¸ªà¸²à¸£à¹Œ', 'yes'),
(11, 3, 'à¹€à¸«à¸¥à¸·à¸­à¸‡', 'yes'),
(10, 3, 'à¹à¸”à¸‡', 'no'),
(9, 3, 'à¸‚à¸²à¸§', 'no'),
(12, 3, 'à¸™à¹‰à¸³à¹€à¸‡à¸´à¸™', 'no'),
(17, 5, 'à¸œà¸µà¹€à¸ªà¸·à¹‰à¸­', 'yes'),
(18, 5, 'à¹à¸¡à¸¥à¸‡à¸›à¸­', 'no'),
(19, 5, 'à¸™à¸', 'no'),
(20, 5, 'à¹à¸¡à¸¥à¸‡à¸§à¸±à¸™', 'no'),
(21, 6, 'à¸ªà¸´à¸‡à¹‚à¸•', 'no'),
(22, 6, 'à¸£à¸²à¸Šà¸ªà¸µà¸«à¹Œ', 'no'),
(23, 6, 'à¸¥à¸´à¸‡', 'yes'),
(24, 6, 'à¹à¸¡à¸§', 'no'),
(25, 7, 'à¸à¸¥à¹‰à¸§à¸¢à¸™à¹‰à¸³à¸«à¸§à¹‰à¸²', 'no'),
(26, 7, 'à¸à¸¥à¹‰à¸§à¸¢à¹„à¸¡à¹‰', 'yes'),
(27, 7, 'à¸à¸¥à¹‰à¸§à¸¢à¸•à¸²à¸™à¸µ', 'no'),
(28, 7, 'à¸à¸¥à¹‰à¸§à¸¢à¸«à¸­à¸¡', 'no'),
(29, 8, '12 à¹€à¸¡à¸©à¸²à¸¢à¸™', 'no'),
(30, 8, '13 à¹€à¸¡à¸©à¸²à¸¢à¸™', 'no'),
(31, 8, '14 à¹€à¸¡à¸©à¸²à¸¢à¸™', 'yes'),
(32, 8, '15 à¹€à¸¡à¸©à¸²à¸¢à¸™', 'no'),
(33, 9, 'à¸§à¸±à¸™à¸—à¸µà¹ˆà¸ªà¸­à¸‡à¸‚à¸­à¸‡à¹€à¸”à¸·à¸­à¸™à¸¡à¸à¸£à¸²à¸„à¸¡', 'no'),
(34, 9, 'à¸§à¸±à¸™à¸—à¸µà¹ˆà¸ªà¸´à¸šà¸ªà¸­à¸‡à¸‚à¸­à¸‡à¹€à¸”à¸·à¸­à¸™à¸¡à¸à¸£à¸²à¸„à¸¡', 'no'),
(35, 9, 'à¸§à¸±à¸™à¸­à¸²à¸—à¸´à¸•à¸¢à¹Œà¸—à¸µà¹ˆà¸ªà¸­à¸‡à¸‚à¸­à¸‡à¹€à¸”à¸·à¸­à¸™à¸¡à¸à¸£à¸²à¸„à¸¡', 'no'),
(36, 9, 'à¸§à¸±à¸™à¹€à¸ªà¸²à¸£à¹Œà¸—à¸µà¹ˆà¸ªà¸­à¸‡à¸‚à¸­à¸‡à¹€à¸”à¸·à¸­à¸™à¸¡à¸à¸£à¸²à¸„à¸¡', 'yes');

-- --------------------------------------------------------

--
-- โครงสร้างตาราง `question`
--

CREATE TABLE IF NOT EXISTS `question` (
  `question_id` mediumint(8) unsigned NOT NULL AUTO_INCREMENT,
  `subject_id` smallint(5) unsigned DEFAULT NULL,
  `question_text` text,
  `image` mediumblob,
  PRIMARY KEY (`question_id`)
) ENGINE=MyISAM  DEFAULT CHARSET=utf8 AUTO_INCREMENT=10 ;

--
-- dump ตาราง `question`
--

INSERT INTO `question` (`question_id`, `subject_id`, `question_text`, `image`) VALUES
(1, 4, 'à¸ªà¸±à¸•à¸§à¹Œà¹ƒà¸™à¸‚à¹‰à¸­à¹ƒà¸”à¸—à¸µà¹ˆà¹€à¸›à¹‡à¸™à¸ªà¸±à¸à¸¥à¸±à¸à¸©à¸“à¹Œà¸‚à¸­à¸‡à¸›à¸£à¸°à¹€à¸—à¸¨à¹„à¸—à¸¢', ''),
(2, 4, 'à¸ªà¸±à¸•à¸§à¹Œà¸Šà¸™à¸´à¸”à¹ƒà¸”à¸­à¸­à¸à¸¥à¸¹à¸à¹€à¸›à¹‡à¸™à¹„à¸‚à¹ˆ', ''),
(3, 4, 'à¸‚à¹‰à¸­à¹ƒà¸”à¹„à¸¡à¹ˆà¹ƒà¸Šà¹ˆà¸ªà¸µà¸‚à¸­à¸‡à¸˜à¸‡à¸Šà¸²à¸•à¸´à¹„à¸—à¸¢', ''),
(5, 4, 'à¸ à¸²à¸žà¸•à¹ˆà¸­à¹„à¸›à¸™à¸µà¹‰à¸·à¸„à¸·à¸­à¸ªà¸±à¸•à¸§à¹Œà¸Šà¸™à¸´à¸”à¹ƒà¸”', 0xffd8ffe000104a46494600010100000100010000fffe003c43524541544f523a2067642d6a7065672076312e3020287573696e6720494a47204a50454720763632292c207175616c697479203d203130300affdb00430001010101010101010101010101010101010101010101010101010101010101010101010101010101010101010101010101010101010101010101010101010101ffdb00430101010101010101010101010101010101010101010101010101010101010101010101010101010101010101010101010101010101010101010101010101010101ffc00011080097009203012200021101031101ffc4001f0000010501010101010100000000000000000102030405060708090a0bffc400b5100002010303020403050504040000017d01020300041105122131410613516107227114328191a1082342b1c11552d1f02433627282090a161718191a25262728292a3435363738393a434445464748494a535455565758595a636465666768696a737475767778797a838485868788898a92939495969798999aa2a3a4a5a6a7a8a9aab2b3b4b5b6b7b8b9bac2c3c4c5c6c7c8c9cad2d3d4d5d6d7d8d9dae1e2e3e4e5e6e7e8e9eaf1f2f3f4f5f6f7f8f9faffc4001f0100030101010101010101010000000000000102030405060708090a0bffc400b51100020102040403040705040400010277000102031104052131061241510761711322328108144291a1b1c109233352f0156272d10a162434e125f11718191a262728292a35363738393a434445464748494a535455565758595a636465666768696a737475767778797a82838485868788898a92939495969798999aa2a3a4a5a6a7a8a9aab2b3b4b5b6b7b8b9bac2c3c4c5c6c7c8c9cad2d3d4d5d6d7d8d9dae2e3e4e5e6e7e8e9eaf2f3f4f5f6f7f8f9faffda000c03010002110311003f00fe90fe16fc23ff00827dfc21ff008277feceff00b45fc7efd98ff67cd6cb7eccdf037c5fe2fd62f3f679f86be35f883f107c67ae7c30f0c6b578ca6f7c2779adf8b7c6de26d5fed57b797375746eeeef7ed9aeeb3a859da5adfea36df8b9fb40ff00c14b3e04f817c3babf8bbe0cff00c10c3f64df1ff873465b2b96f0ef8bacfe12681f13b5bb3bebcb2b0b3b4d13c19e15fd9f7c69a3dcf8a3edd7df631e19b0f14eb37d777c059589bdbd1f633fbc3a47c25f881f14ff00e096bfb1b7fc2a3d17c0be2cf891f0ebf66ffd9ffc7be10f86ff00129af2d3e1f7c5adbfb391f05f897e12f8a35ab3ff004ff0c587c43f0578dfc4fe19d3fc66b657e3c2daddf691e23bed1759b1d3eeec2efc0bfe09c1fb2e7c05f88571f0b3f6a6fb1eb1e13d6adfc367c5fe11fd9c3c47adde789bfe15e78a4de5de8bacdd78a3c51add9d95efc40d77e13f89ad35af05afd8ec859782fc69a2de5eeb46f3c6b67a7ff637eaf4789325c1e338de9f12e2f8bb118f857c6e1f8629e519cd6c3613098af6d8b8736354f1307eca8b584f65c90ab0850a7898ba69ba2e1e171a623c48a99f652b84b3acab0194d1ce712b8a29e6bf5eab88a99747114674e9654a846a51854e555e12f69530d253961fd9d5e4728c3f377c11ff00052afd963c136d6537eddbff0006e1fc60fd90f439ecfed777f126cbf616f05fc5bf867a2606d6bdd76facfe13782fc49a3da6ee47d9342d6af1791b49f987ecbfec9ba9ff00c1133f6dfd01b5dfd95fc03fb027c6136b68b79aaf877c3df05fe0cd978fbc368c393e25f87babf83b48f1b786483c6ed7341d3f2dc2e4735fab7aedfdae9ba7de5fdf5dae9fa7e9b67777b7b797777f63b3b3b1b1b36bcbbbdbc39ff8f1b2b652d76c48031938c161f8c9fb4a7fc1347f64ff00db075fb2f8c3f117e101f84de3fd37edbac7c37f8c1fb3e16f801fb4e68b797b637a2c7c69ad7c5cf001d1fc517d7d8bc1ad68de0cd6cdee8ba337d8dbc5165ad5f31b3b3f88c366bc478ab2a79e66b776d1e658a8f6b59fb4f2f4565df4f7f119de2f0bef55c6637923aca50c45794ada6d1f68afb2eabf2b7e84ff00c3077ec31ff4661fb28ffe239fc22ffe6428ff00860bfd85ff00e8cbff0064ff00fc474f841ffcc8d7e307ecff00fb6bfed4ff00f04ebfda03c05fb24ffc147be2437c7dfd977e35f88ecfc0bfb277fc144b57d1ecfc2fe27d1fc697c08f0c7c0cfdad6cb4f29a3d8f8a3585db65e16f89e5ad6cbc4b7ca64d6af6f0de6b07c29fd2ad655b38e23c354746be6f9dd2ab1b3942598e2d68d271945fb4d632b3e5765b2d34d74a39b633114e3569663899c25f0ca38aaf2d92d1fef172c9758eb65cba9f24ff00c305fec2ff00f465ff00b27ffe23a7c20ffe6468ff00860bfd85ff00e8cbff0064ff00fc474f841ffcc8d7d6d4565fdbf9effd0f338ffc3962fcbfe9e797e5db5d7fb4330ffa0ec5ff00e1457ffe5be4bee3e49ff860bfd85ffe8cbff64fff00c474f841ff00cc8d1ff0c17fb0bffd197fec9fff0088e9f083ff00991afada8a3fb7f3dffa1e671ff872c5f97fd3cf2fcbb6a7f68661ff0041d8bffc28afff00cb7c97dc7c93ff000c17fb0bff00d197fec9ff00f88e9f083ff991a3fe182ff617ff00a32ffd93ff00f11d3e107ff3235f5b5147f6fe7bff0043cce3ff000e58bf2ffa79e5f976d4fed0cc3fe83b17ff008515ff00f96f92fb8f927fe182ff00617ffa32ff00d93fff0011d3e107ff0032347fc3077ec2e9ff003663fb288fa7ece7f08bfa7847dabeb4e1077ebfe7d3d2bf9bcfda77f6e7fda93f6ecfda27c63fb117fc131bc7369f073e127c15f11b783ff6d8ff008288ff006358f897fe10cf147fcc5bf67ffd96ac6ff7e8de29f8b560d9b3f18f8c585dd97822ed82adde9f7f63637daceb4739e22af5234a96739d4e72d94731c5bb6dabfdee9156d5eb6d34d35ceae6b8da30756ae63888538db9a52c4d68eef68fef1de5a6915bd8fb63f6a78ffe08b5fb1378697c51fb547c38fd817e0b69d70acfa4e95e2cf82df067fe12ff001295255d7c2fe01b1f06def8cfc52c8c8c593c35a1ea2cb825c20233f8b9e34ff82977ec81e3586f4fec11ff0006ee7c5efdb3b45b5b5fb5d97c485fd85fc19f08fe16eb596c25de8bad6b1f09fc55e25d46d092b745af3c33a35db1230ab9e3f523f66fff00825ffecb1fb26f8a2efe37f83fe1bde7c7ef8c7a8d9595e7c48f8c1fb4ddeffc3407ed1fe27bdb2b2ff4ef13f833e277c40b2bcd6bc33ad9fb17db6fbc19e18b2d17c33ae102cb46b2d16f80bebcfda4f0feada7eb1a4d86a9a55e2ea3a66a767677ba4df5a8ff0041bdb1beb35bcb1bab0e47fa2bdaba95ec483c138abaf9b71161aeaae799b29c52bc6199e2a496cfe3f68be5a5f4b7433c3e738dc45b97198e5193f8a589aeaf6b6a97b477fbff001dbf8c2f803ff052cf83fe3bd3ad3c47f18bfe0847fb27fc31d1aeaef58b2bdf0ee9169f096f7e2768c742d66f745bdb4d6bc2de25fd9f3c2d6161adda5ed8ded93e89ac789742bcb4bdc8bd16438afe8c3f671f82dff04d8fda7be13f87be2e7c2cfd903f6661e1dd7360bad1fc47fb32fc24d17c4be19d7059d95f5d685e28d10f85a41a7eb56b677b677648b9bdb2beb1beb1d6347bfd4346beb0bcbbf967fe0a3ffb2efc00f09dd7c49fdab2feef583ad5af80af7c63e3cf82ba2eb37ba227c40ff8462d0aff00c249a26b7a2d95fde7c3ff0014f898ada782aff59bdb3bcd1bc65ad5e6896368abe34bf5fedcfbcff60ff84ff10be197c18fedcf8b5e0ef06fc2ff00881f142efc35e31d5fe0a7c3bbebcd67c17f02b45d1be1e782fe1f782fe1258789ef80bcf1a6b5e0cf06f82f44b0f1a78d4dad858f89bc6875bbdd16c2cf44fb003f4bc43c4b9355cab87970ce338c7039cd2c3a8f114f34ceebe23075f18a1439679728e2a5382f6b0ad517eeb0b0950951a6a13a91a9563f29c378af12a8671c4b2e27ceb28c4e455314a7c2d0caaae3e8e3f0b83756acea50cc94dd3a126b0df57bc957ad27898569ca4a1ece9bfe07ff006cbbf97c15fb5ffed59e0df085c6a5e15f09f84bf692f8e7e19f0bf85fc3527f61f873c37e1dd07e27f8a34ad1341d0345d2ecedb4cd2344d1f4db4b6d3b4ad2f4eb782c74fb1b782d2d218ade18d14aa5fb79ff00c9f2fed9dff675ff00b457feadff0018515fe86e43184f23c9a73a74ea4e79565d29ce74e139ce6f0741ca739c9394a526af2936dc9b6dbbb3fb47015ab7d4705fbfaffee986ff00979ff4e69f9797f5647fa0dfec1dff002631fb187fd9a8fece7ffaa8bc215f307ecf5e1cd247ed41ff000509fd9dadeeae7443e01f8bbf0c7f699f859ab693f2eb7e016fdaa7e190bdf185de8adc8161adfc68f867f147c4fad68850e8dad9f156b367ad58de595e907e8ffd872f6df4ff00d847f637b9bf9edec6ded7f648fd9f6eeeee6e5c59d95a5a59fc1bf085c5d5d5d5cb958ecad2d541323c8ea88a06f2115d87f331e3bff8384ff608fd95ff00e0aabfb77f8c22f1278f7f68ff000df8c3e047ec95f0afc07ff0cc7e1bb0f8976be26f885f096ffe3adffc41b1b2d72eb5dd17c342cb433f10b44b1fed0b1bfbdb1bfbd17e2c9afbec4d5fe62e7dff0023cceffec71997fea54cfe61cc3fdff1bff61789ff00d3d33fa66f1afc461aae9fe1cf00f8dad7ecfad5bf8c9b47f891a3e8d65757c3c4b67e18b2b2d6747b1f0c5928fb6df59fc4dbfd67c1a6d344258ff63df78a744bebec689acdd8f8d7f6c8fdb37e247ecdda8780feddfb3d596b7a278fecfc51f63bcbcf89c6cb5ab2bdd16f74537965ad5968be0bd6b45b2bdbcb2d685f597d8b5abdc7d8af6c857e1168ff00f073c7ec1307ed91e24fda13e347ecb3fb71fc27b6b4fd9fbe1f7c20f08de6b7f0cbc2d7c3c322f3e207c4ef13f8d7c4fac78697e21592d97fc24f6979e0bd2343d6ec45feb26cb44f13e9eaa2cafaeeceeff46e5ff829d7fc128bfe0a93e05b2f877f07ff006bef86fe1bf8a3f6cfed8f871e1cf8bd657df0cfc6365e36fb15ed91b15f0d7c411e17b2f14e8bad595edf68bace8de17f12de5f5f58de8365762f6cec6f2bd5e11ad93e1b3bcba7c4146ae27278578ac7d1a356ad0ad2a12f739e8ca84a357dad0a8e15e30a7514aafb2745292a8d1f09c6d87cf2af0e6651e1bad46867b1c3caa65b5b1142957c3c7134e50a91a55e1554a31a58a517847524b968cebc2acbe04d54f16fc69fd99ffe0a13f0dfc79fb2c7c62f01eb1e1bb6f8b5e0fd6b47bdf01f8c3ec57bfdb5636565f6dbdd6fe1f789f45ff42ff84d3c177df62f13e8bf6db2d175ab1bdb1fedab2b2bdfb15e8b2fa2bfe089bfb577c46f1cf803e347ec29fb4a788aefc49fb557fc13e7c4fa37c2bf1278caf4b8bdf8d1f02b5cb2babdfd9ffe392fdb096bdbcf14782ec1745f145c97bcba6d6b454d4352bb7bdd685786fc2ffd91bc63f0aae46abe3ed1fc1da978d7fb5fc33787c77e1bd6af7fe119d17c33e18f1458789eef45f87be0cbdd1bfb645e7c41bcd1746b2d6fc4be35f129367e19b4bcd1b43b351797c2ff00e50fda27e2c43ff04eff00dbb7f67dff0082954b6b7a3e05eb9a337ec81fb711d1ecef6ec689f067c69ac596b7f093e34de59d967ed967f093e270163acdf2d8dedfff00c231ac8d12c016bd15f63c6d96e4f994732cc38630f8fa797655569bc0bc7b8ac5e23013a54e58e94e2a1093a387c554a95683ab155bead4a6e76d12f8fe01cc388301432bc171754cba9e739952a8b1d4b2d8ca582c363635eacb0318c9cdd3789c46169c218a749aa4f12e9d3a51853508c3fa6af8c5f177c43e13d6bc21f0cbe167866cbc6ff187c7f6baddef8774ad6af2eb46f077833c2fe186b0b3f127c4bf883acd8d95fded9f85b44bed6b45d16c747d22caeb5cf18f88f58d3b42d152ced0eb9af685e17a3ea9f1bb5ff186b3e1cf0c7edc7fb3d7893e27786cddddf88fe10695f097c3379a268af64e2c6eecb5ad0f48f8cf7bf16745b3b2d402595cdfde789cded9be3ed7659c599fc2eff8239fedf9e1ff00da0be3b7edc9f00bc51fb47da78b6ebe11f897e27fecd1fb377ed3373e29b2f135ef8abe137fc2d9f8a1e33f831ac378d2f6f0aeb7e26b4f0cf8d4e8be0cbcbfbcc78cf47f84a24fb6deea16378d5e99a10f8ed37ed0df053e0468de23f07f847c57fb3dfc77f87de1af0ef807e0b59782f5af0bff006278387862efe2778feffc677de18ff85837bff0b0be18df789f59f8b979ad6b7657b657be35bdf87bad0bdd6eccdeeb5f9de4f92e2b3b96631c2d6c1d0feccca71b9ce2258caeb0f0961701ecdd5a545f2cdd4c554f6b18e1e8a8a8d49e92a94d7bc7e83c41c4782e1c86553c6e1f30c4ff006c67780c87094f2ec23c5d58e373175151a95e3ed29c68e0e9c69549e271339a8d1824ed294a317fbe7f093e336b3e28d7f58f859f14bc1f67f0dfe35f84b4ab3d6eff00c3b65ac1d77c1fe34f0bdddd9b1b3f883f0bbc48f63a45eeb9e0d6d5d4699acd96b3a268be28f066b4f65a47897460359f0c6b1aedbf8bff0019b50f04eb1e1bf873f0e7c24df11be35f8decefefbc2fe0f37cda2787343f0d68f756b67adfc42f899e276b4bff00f8437e1fe8b797f67662eacf4fd6bc49e24d66eac744f0b683ad5e0bc361c5fed496f0783e1f845f1d6c8fd9b53f837f14fc2d6babdd8ce2f3e17fc5cd7348f861f13346bd618ce8f6767e24d1be213a721759f87ba25e1ff8f3c95fd9bed3fe12ef14fc77f8e57d8babbf1efc53d73e1c7866e8e08b0f869fb3feb3ad7c31d1347b338c8b3bcf88165f13fe200208cddf8d98107ec631e39ef9e6faf6abf1bbc35e26f0f693e38fdb8ff67af01fc45f167d8eebc37f0b2ebe14786acfc37ad9bbbd3636b61a358f897e2d58fc4ef12da5ddf86d3ed358b1d72c9af6f815b3b01783ec15ee3f08be2cf8b75ef13f897e11fc5ff0d68fe11f8c5e0cd22c3c48e3c337b777fe0bf887e09d66eaf34fb1f883f0feef515b5d62cec06b16177a2f89fc2dad01ad782f59fb1d9de5eeb5a36b9e19f13eb9f84bf112ff00e37786ff006a6f8edf0cb54d67c23e2fd43e3e7c77d67c3577f0b3e3cda783748f87fe28f87be3317b63f0c6f8f8d8f865be21e91e19f05fc3eb2b2ff8432fbc33ad5f13e35d16f7c17a2d91f146b57d5e35ff0005a1fdbb6dbf6559ff00629f811e09fda3ecbc39e3ef1fb7833f643f8d9fb4ed9f89ecb45bef87df0ffe217c42f8157df197e20df7896d6faf4e89e294f05fc31d6358d6af45e9bef87a3c7fa26bb79796379ace8b7777eb66d9362727596bc4d6c1d6fed4caf099b61de0f130c4c6187c5f3f252aee297b3c4d29539c2bd2b38c271f72a548fbc7819071260788bfb6560a8661879e459e63787f1d0cc308f0ae58dc04284ead5c2bf6952388c1d58e229cf0f884e2ea53719ba70e6513f47ffe0b45fb637c49f819f067e16fecc1fb33eabfd97fb61fedf1e3bbef80bf0475bb5da5fe14f863ec297bf1a3e3c5d81202b1fc26f075f0bab3bb187b2f136afa2ea210a585d67e47f87ff12ff667ff00826cfc27f01fecb1f0b3c37ac7892ebe1bf86ec6f3fe10ff000e7d8acb5b37be2517b7b79f103e2778a2f7fd0bfe127f881ad58eb5e27bcff90d6b5782f45e8b2b2d17fb16be72f83df17f47ff00828dff00c143be307edf7e1b2753fd99fe00f842f3f635fd87b59bcfb60b2f1bd9d8eb0358fda07e3b68e2f545e1b4f19f89bec7e0af0c6b6717b7be18d1bec376ab782fac6bebff008abfb25f8a3e2b5cde5ff81f47f0ddb78dbfb635ad62cfc61ac6b37a745bdd175afb15effc231f13bc19ff0008c5eeb57bff00085eb5657b7be0bf13f82bc4f657a345d68f862f745ff97dafd0382b2ec9f2d86031fc4b86c6cb2ecc3153863a59728ac761b2fa746b4f0ae9ae5a9374abe614684ebc694555784a8ab5392a94e323e0f8ef31cef1f4f32c0709d5cbbfb6b2ec3529e0219926f0589c7d4c461d6268ce4a508fb7a597d6c453c2cab4a3416260e15e4a9549a3e9bfd8f3f6dbf88ffb46f8a3c61a5689fb3dd9e8ba2780347d1758bdbbff0085b42fb59bdfedabdbdb1d16c6cacafbc17a2e8bf6d365a2eb57bfe9bad595966cbec5f6dff97dafb5fc1df12adb44b7f17783bc1d64b79ac5df88ecbfe15d784758b3bdd1af7c37acf8d175abdf127867c4f6017ed7a458f8335ad1bc4fe29bd167f27fc2177ba29d12f2fecaf744bdbdfc76d3ff00e0a2bff04b4ff8252781ef3c0ff1cff6c9f857aa7c63b9bd1abfc48f0e7c2cb3d6be2678c6f3c4f6769f62b3d16d3c1df0f878a2f3c2da2688a4d9e8d67e36d6ac6ec7fa6dedfdf8bcbdbe61f9c1e37ff839e3f609d43f6c1f859fb417c11fd993f6d5f8b5fd89f083e2efc1ef125e786fe19e87a3a78a345d6b5bf867e28f0c6b5a2f86ef3e215e2df5ef832f7c2fe26b1bbd6af6cacb59b1d1bc4f7b65b8d8defd8ebe5b8cf1191d6cff001f2e1dc3d4c3e4caac6180a356a55ab5551a546853955ab3ace5253c4d7857c4ba4daf630ad0a4a34e318c23f55c0f473fa1c3b952e28ad87c46771c329665570d46851a3edead4a957d8d2861a9d1a12a785a552960d54a54610ad3c3ceb7bcea4a4ffa17fda93c2fa78f8bff00b03fecf5797f7dae5cfc75fdaa2f3e2f7c5ed66fb2d79e31d1ff00655f861e34f8e7a358de59f3f64f0c597c5dd17e119d1fc33661b47d16d2ced2c6d2d48bcbcbbbafd55afe2fadff00e0e21fd827f69fff0082977fc1357c4775acfc4afd9a3c35f0bf4bfdb0fc33f154fed31e0eb0f87965e16d6fe2d7c3df04e8bf0caf6ef5cd3b5cf12e8eba7eb7adf85b5cd1ef2faf9f47b3d22f2f6d2f3586b5b153743fb2bd3b54b0d52c2cb52d2efacf53d3f53b4b2bdd2efec2e96eec351b3bcb41796b7b63796864b3bcb1bbb32b73697768c6d6ed18796ddebe48fb13fcd13f6f3ff93e5fdb3bfecebff68aff00d5bfe30a28fdbcff00e4f97f6ceffb3aff00da2bff0056ff008c28aff54787ff00e443927fd8a32dff00d42a27f52e03fdc705ff0060986ffd3303f413fe0a8dfb5b7ed0ff0016be007fc13bbfe0981fb377c2cfdadbe23fc27b9fd907f655f8a7ff000504d5bf634f87dad78dbe2d7fc2aff13fc31f0d9f077c0dd1afacecdb45f0bb789f47d1af7c4be251e26bc165ace9da878585e596ada247ae685ae7d21ff06bbe8df0666fda97fe0ac6df0aff0065cd6bf654f0ff0080759fd957e1cf847e09fc51b3bcbff8bbf0d6d3c2fe0df88ba26b91fc42d635d46d697c69e29f12e897de29f1a217b32359bd16ad6c16cecc2ff4c5ff0004fbf0bf87342fd8c7f659d6b47f0fe8fa5eb7e2efd98ff665d57c5bacd8d859daea1e26d4347f817f0fbc37657daddf5a85bad62ef4ed0f47b0d1acee6f998db69f63696516db58d41fe753fe099be239bf65dff83973fe0afbfb2ff8e2e5f4cb8fdad346d13f68ff0085c6edb6d9f8a7ec6d67f108da68c4953777a9a1fc50f1987008f97c11ade4136641ff003173ff00f91ee75ff637cc57dd899ff5fd33f99b30ff0091863b4ff98cc4ff00e9fa9a7c8fe88f57d1ec747fdb6357835dd2746d4f42f8ebfb2d68d656969ac59595f595ff00897f671f899e28bdbdb1fb1deadc9bcbdbbf0e7ed0765762cd549361a15e5e919b362bf0afed8dff000460ff008263fed6fa7eaf3fc5afd8ff00e1c689e2dd4318f88ff08745ff008535f106caf5718bd6d6fc01fd8d67ae60641ff84a745d6ec4f3f6eb23935faa1f1c7e1f6a1e29d37c1fe2bf0a9f27c7ff00097c6563e3ef07e42e3591f64bed1bc65e0bbc3c0365e3ef056b5e26f0c827fd16cb5abcd175c3f368aaa39cbfd6b4ff0011f87ecf5cd0ef3ed3a76a567f6cb3c7fa15ef3ff2e57b6447fa15ed95effa15ed95effa6d95ed95ed95effa6d954e574e9549463569c6a276d24af6b35b3e97d34eb63e773194a9d36e139c1c755283e597bd28adeced6bdfadf63f926d57f610ff0082a7ff00c12ec7f6affc13f3f68ebcfdba7f668d300bbbcfd8d3f6a7bd163f10347d10702cbe12fc4037b65662f8d8ff00a1d9da6897de0b071ff224f89c936874fe0b7fc149be007fc14134ef17fc03d53e1b59fc37f8b375e1bbdf0d7c54fd963f690d6acbc31e26d6acef6c73ad58f82ecffb16f6c7e20f867ec279bcff00892eb5f62fb15eff00c23165c5e9fdf8f8fb2dc5af81fc49e47fa37fa1d959de5e5963edb67a2deded959789ef6cbb7fa168b7b7b79f6dff009721f91fc99ff8283fec0ffb38fed6fe1fb49fe2d7873fe100f1f784c6df873fb41f842f6cbc17f133e19de597fc81068de26ff4217da2d8fd881ff84635a17b661ac4358ff625f817c3f58c87078fc3c213cb2bc67495253ab97629d2742a42a6b3a586af569569e1673e5e549aab466e5ecdd38f3292fcbb37c5606bf27f69529426a56a398e129ffb461e4f96d2ab86a2e93c5d387c4fd9b86221c9ed154959c4fc35d33fe094bf0e3e09fc60f11fc47fd933e35fed05fb2b78b6d6f6ef48bcf07b6b5f097e20f860d90bc178744bff000c78caf94f8d3c177e0586b5a3e8df104eb56b7b642cafaf2d05f5931b3fd70ff8278ffc157f5ffd907e257817e057edb1f07fe0468bf077e37789ac3c0be03fdb8fe04fc19d1ff67f5b1f885e255b3bcd13c31fb597c22d1ececf4ff09def8d2faf05ed9fc41d0af0785efcdf59eb652fb47bebed7345fc36f883f1c3e237ecaff11fc17f093f6fff008936ff0012be1d9d66cf46f85dfb70fc1fd5f44d6af3c4ba2d89017e1f7ed19e0dd1350bed6def6d6c8ffa6eb36775a7f8d6c2ccde5dd8eb5e2bb337b7f65fa8bf1a34bf047ed35e00f11d978c2f7c21e3ef871f16bc09e18f0e597fc21f67a368be0c1f0ff45f0d597867c147e1ed9e8bf6db3b1b2f0be8d65a21f0bde8bebcd6ac6fac6caf6f35abcbd1c7d3c780f8638d30cb03c3b97bc9339a183c754cea58ac650a13c0e66a54bfb328432da75e4b1380c7c613788c553c351c3c213c3d6cbeae2274aad19fc9c78d38c383b15571dc4b9a60f3cc86be33090c8686072fc55575b2b71aeb33af3cd2b4652863b0ad537430f3af2c556953ad0c761a846ad1ab4bfb21fdae6c60d4ff00658fda16c7affc594f8997b68075179a3f83359d62c4e4f65bdb1b52467380715cff00ec3906efd923f67bd52600dc788fe16f867c637e31f7b59f1ac4de32d6eefaf3f6dd675bbbbbc9e9915f8a3fb1ff00fc1433c2177ff047af17f873f6a0f8a7a4e9bf1d3e0e68ff001c7f61dd6750d5daf6ef5af89bf107e1e7c3fbdb4f867e25fb1d95adeea17979f10be126b3f0f3c67ae6b1769fd9f6b7bad5f5dea17d688cc41f1a3fe0a35e0ff87dff00045bd261fd97be2968bad7ed0b75e0ff00813fb14783db4617c350f007c6bf8b7a258782ecfc526d2f2d2caf597c17e16b1f197c4bd1b59b45bcd1af7fe107bcfb15f5f2d95de3f9ee594e691ad2a1f50c53ab0c5cb0134a949c563215961e5875349c2555576a9d94be294237bce29ff43c71f83961618dfac525859e1618e55f9bf77f549d0facc711aa53f67f57fdeb6e09a8a93b3e567cafff000528ff0082afeb3fb487c50f893fb30fec43f083e03f8d7c17f0335ad6bc21f183f6d4fda07e12d8fc76f0af863e26e8b9bbd6bc01fb32fc27bcb0b9b4f885e38f0c5dd8ade6b3e27bfba3e17b1bcb1bbbcfb0fd8b4fb1d7750fc80f18ff00c121f47f8c7e36f0e7c51fdb2fe357ed03fb486a76f7963e1bd23c0ba46b1f05fe19786ac86b57c18e89a27833c197a6c7c17e18245deb5add97c3e1a29fb0adeeb2a56eed64127d97fb3d7873c2ff00b2bf823c2165e02bcf0d7827c27f09bc37ad1fed8f17d968bacf85ef345d6bc33ad7867e20eb3f102c3c4b8d1359b1f19e8be27f13ff00c26779797b6579f6cd6af6f2caf2caf3ec42bf36f45fda93e287ed45f147c47f063fe09fff0011ecbc27e13d32faf348f1e7eda7f18af747d17c31f09b44beddf6ff000bfece5e19d5ef86b7ac6b37966b78ba3f89b5bbff001278e2f6c5bfd02fbc2fa367c50bfd013e02e1ce0ca74f0bc4180a99c66d8acbf0d2cbaa61b130af53119bca759e6181a796e22a518d3c0e0e92a0a8e35e1eac2752188ab8dc450856c3c29ff3d3e39e30e33c5d0c570b66783c9724c16638aa7c414b1f80af054b26a74e82cb7174b33a09496618c92acb13869e228ca945e16381c1e2654b13ed3f5f3e2f7fc1447f672ff826be81e05f8230fc38b3f1278d6dbc3765e1df847fb287ece5adff00c251f106c6caced2f2f747b4d7346fec4b46f06f866f4daa9bfd6aeef2ff005dbecdedf58e87adff00a6de1c8d1ff637ff0082afff00c1527ec97dfb6cfc78bcff0082797ecabad937965fb267ecc57df6df8cfe28d12f738b2f89df100de0b3fb75f59e0ded9eb77bad5963afc3dd14f4fa5ffe09e5fb00fece1fb23e9d77e22f86769ff0b6be3178b3fd2fe23fed21e3cbdb2f883f137e205e5e9275a03c4c2f6f4785f45be2493a2e897a3eda49fedbbdd6af49bd3fae3fb3effc89fa3c1ff30dd36f3c4fa3e8fdf3e18d17c4fad59785f19e3fe4096565f62f5b2af9dceb078caaa2b1f3a746838b7472dc14a1ec6853b4792957c54214de2fd9fc3ece14e961e0d4a9a8d4e56d7d56498bc1e193580a72ab5a1251af99e2e9cd55ab53694e861aad4ab2a0aa5b9d54ad3a98895d4e52a7272a71f13fd8d3fe0893ff0004c1fd9260d22e7e19fec97f0dbc5de2ed3b3ff171fe35d88f8cde3fbcbc249fb62dd78cbed9a1e87779fe1f0b785f4450380302bef85d074ed53f6cef857a4f87747d2b4bd0fe04fece3f133c49796ba359d95859d96b5f1d3c6be0af0d782acbec563676569661b47f849f136e76a8cb13b76ed21abd2b4cd674ff000e68d7bae6b979fd9da7689666f2eeecf4b2b3c6793ce2f73ff1e565cdf5edeffa159037b7a2b63e07f816ff0041ff0084f7e2378a849ff09b7c62f12c7e2fd62d2ec62f3c31e18d2749b3d07e1f7c3f19e49f0af866c83eb679177e33d67c63a80e2f8e7f26cca8d3a751d2a708d3eea2b6d175d9f5eab6dfa9fa965d52a4e946ad49caa4bfbeefd16ddafd7b9fcb7ffc1d3d65f07f4cf88dff0004a4d5be27fecdf7bfb4df873c49fb417c66f0178bbe0af832ceeec7e257c4ff000df8d7c01e17f0c9f0d782b5ad10daebbff0995a6b1ad596b9e091697c08f19da69a724875ae23fe0ddffdab7e3ffecedfb4778f3fe0989f1c7e0efed7bf0a7f667f17d9f8abe237fc13eaeff6cff87b7de0cf89de0fb1f0d597f6df8d7e053eb8d627c31e26b0b5f0d7f6c789fc35fd8b776965669e15d6ef6d341d1acfc50346d17d17fe0b2de209ff00696ff82f6ffc1113f62ef035d36a3adfc11f1d5efed4ff00118598179ff08ce88be27d13c683eda141165763c2ff000275abcc5e0c7d9359d15972b7a377f5bbacf867c35aedd786aff5cf0ee91ab5f7847593e23f09deeada7595eddf8675dfec4d6744fed9d12eaf1247d1f58fec5d6f5bd14df5838bc1a46b1a8d8b37d8af6f12bca3d53fcd43f6f4ff0093e6fdb3ff00ecec3f68affd5bfe31a28fdbd3fe4f9bf6cfff00b3b0fda2bff56ff8c68aff0054787ffe443927fd8a32dffd42a27f52e03fdc705ff60986ff00d3303fd08bf60bff009317fd8bff00ecd3ff00674ffd541e11afc04ff838dbf60df8fb7537c12ff82b9fec20b7da77ed89fb03e758f11d9f87ac1aef5af881f02f48bbbdd72f3fe24d68aade261f0fdaff00c5075cf0c3ff00c8d1f0cfc51e35d39bed8d6361a7ddfefdfec17ff262ff00b17ffd9a7fece9ff00aa83c235f5949189060fff00aebfcc4cfbfe4799dffd8e332ffd4aa87f3263ff00e4618eff00b0ac47fe9faa7f259fb1b7fc1d99fb117c64f82fa3f8c7f6bcf017c61fd95bc4b6b7f65e10f17f8bf48f865e35f89bfb3f5e78c4d89bf365e18f881e09b2d735bd22f2e9375f0f0bf89f43b2d62cac42eebfd66cb1a8d58f8c3ff072f7fc1207c02759f187c2afda3fc5ff00126e75117b7bacfc2cf0e7c0bf8b3623c4dac8207f6df86b5cf14f863c2fa2785bc677a4ff00a6df5f5f7f62789f3ff13bfb15e9fed9ae7ff6feff00825a7c58ff008274fc50f8bfff00052bff0082637873e1cebdf04fc47a36b5e30ff8282ffc1387e2aae8e3f67cf8d1f0f345fb778a3c65e32f04e8dad9ff00845b46d6346b13aceb767a25e59d97fc22f7df6fbff055ddde8b7da87c3cd6ff00945b8fd9abf60aff0082987c49f88bfb5a3fed65ff0004fbff008249f823c5de2f163f04ff0062abdb2d63c4f7ff00d87e1565b11e25f8b27c31acf86345f8787c6b7df6ebbbb3a7c7682eec94de59785f43d17fb16f2ff8a857ad465cd4631d2da497372fa6dbdbcb63c9c4e1e8d4a76ad29722bdf95f2def6df7edfd75fd6ef1e7fc154ffe0a4fff000570f146b1e06ff82727c36b3fd8c3f64bba17de1cf127ed53f1d6d2c0eb5ad5962d2cb59b16f198d175cf06687ad8b4bdbccf82be19d9789bc52a01bdbef19d959906c78c3ff0430f861aadcff6efeda3fb71fed07fb58ea572770f11f837e2059ff62581fb1e6f2c2f346f14df7c43f1a9b15bdfb68b1d6b4663666cbec46fb46d1cff00c7f7ed6fec29fb63dcc5ac7873f604f8c5f0abe047c1cf1f786fe105978eff0066ff0018fec97ad1f13fec5ffb4dfc0ad1b3a2eb3e33fd9fafec6f2f2f345d6bc317a0ff00c267f0fb5abdbdd6acef56f75bfb6e05e9afaa7e20f85fc2d2fdb279fc35e1bb9b9ebfe99e18d16f719cfa597ffabf0afd6b86f26c26690a75f1b53fb4a4ac9d2c54abc70b467b3a6b0b427cb28c7471f6d052947926a5384a2d7e5dc479be2b2b954a183a4b2da6ed28d5c24684b115a9b71fde7d6ab43da42727ff003efdc8fc32829a718ff2d5e2bff82237fc130b5282facbc13f123e2369da9c18c9b4f8e5e08bdbeb2c7fcfe68dad785bedabff006f76563c74ef5c1fc3afd8ff00f687fd8445d8fd99fe3b786be3e7c1eb8bd7bdbdfd9fbe34de59f82efdb3cde5df803e20595fde685e18f135e30c2b5dd8e85a3eb0acdfdb764e025d8fdb8f8abe0cf87faa6a1ac4f3f80fc07a6e89a25e7f63de6b167f0fbc177be27d6b5bff0042ff008927863edba2defd8bec5f6db2b2fb6ffa6dedeeb57bfd8965f62fb15eded7e3dfc7cf89ff00f04e0f86bac6b365f18b58f8267c49a18bdb4bdf07e8fa29f885e27b1fb11c7fc231adeb5a2e8bad590f13e4e2fbc31657ba2d8d9f1f6dfb6ffc7ed7eb182c8b21ca654b31861326e1fc6d1bca8e73473aaf902c3db95549a954a58bc16223cffbafaae270b88a7889539a786ad4e377f9662f3ccf336e7cba788cd73dc2d5e48d6caa793d1cfe5553942314e9529e071745fbd292c561f1384ab439796ad4a5525c914fd983e3bfecd1f1bbf6a0f88ffb367c6fd1c784f43f891a47c3ff008d779f0b3c61f6ed17c4fe18fda3be1f68be27f849e28f05de78d3c31796365fd8be27f8497be17d6af8596b4346f88365a3785ef8dee6cbec26dfed69f19ff660fd9e3e3ffc1ffd9bbe07d91d6b42f0d3789bf68ed63e16f83ef35bf13f89759f8d27c177bf063e0bf82fc33e28f135e5f597f62d8f82fc67f107c4f67a2de6b5fd8df0f47f6cf89c5ed97dbaf6c8f9a7fc13cbe22f87fc4507c54fda4b4af02786be1c689f16bc78347f857a3e8da2e8ba2de7863e18fc0bd12f7c31a2e8b637da2d8d90b3ff00849f5af883e26d6be20d9d8e575bd6b45f0c1bc26c745b126fff00c1433e2369fa67843c09fb458f01f867e205b7c0cf1dd96afe3bd23c4da3e8bac5e7897e18fc4db3d13e12f8d3c197b7d7d6776bfd8df6c5f87dac782ec5b363e19f13378a35ab105bc4f78428e1f1cf816b71dba5974b2fa7c7b4b3459abc1569d5965f4b3ea580ab9ec30caa421ff23587b4faa4709460f0f46a57fece8f3b89f38f35a51f1870be1cbcdb88e8ce7e1e7f644b86e79b359553cf6af0e3cc2391287d51d370fec49c670cc258b955faf72d178e9539c79d9f113f652fda3ff6e986cacff684f8d7e1bfd9a3e0a0bcfb6d9fc07f85b7b69e32f135f1c0fb15efc4df19dd5fe89e1ad675b56c9169636bacf86347c0fb1d80bddd775db784ff00e0889ff04c8d1a0b5b2f1cfc48f891a9ea6d9c9bef8cfe0ad1efaf89279b2d1b46f0c1bedd924fd92cacaf5baf3595f023e2f7fc1363e206a3a3dbfc24d63e09e9be24d6ececacecfc1fe30f0c7fc2bfd68dedef1ff08ce8be28d6745b2b1b3f13ff00cf968a35ad6ac6faf866cbfd0bfd387ec7fc2ef06f80346b8d1efe0f01f80ee744d4af3fb23fb62f3e1f782acbc67e18d6bfe3cbfb175bbeb2d16cbed9657b7b65fd89ff003fb65ad7d8acbfe275657bf6db2ac664990e71cf99d7a19367d8aaaa1f58cde79ed7cfa3522e309414b928e0b0d8582bcd3a185c360a9d0e5538e1a9d39739f4983cdf3fc9dc32cc3d7cd721c15176a193d3c9a8e44a9ce4d734611af5b1d8bc4ce4f96f8ac5d7c555ace36589ad2e589f9a11ff00c10afe0fe973d9eb7fb1afedaffb477ec99ae5bedbcff84cbc49e3fb11e19bcc5931ce89a36897bf0c3e20f37ad642fb5abfbdb3b2b3b1fb67d8acb5a0ab8ea7c0ff00f0530ff829f7fc11db58d1bc1bfb76783f49fdbabf633d38d8f86b46fda6be090ddacf836c8a9b2d1acaf3c6a344d1347bcd70da7d842f827e2dd868fad6b9bbfe24de36bcdbf6e6fe893e1f785fc2d6bf639e0f0df86edae783fe87e18d16cb3ff925c1ec7eb5f3efedabfb68cde18d66f7f618f831f0b7e107c6bf8c3f11fe0f6b9e3df8be7f69af12d8f86bf63dfd9c7f673fb59d1aebe26fed3bacdf320bcd135bbfc58786fc1b646cb5bd62ecd9badddab5e68897ff0094f12e4d84ca9d5ab829bcb2a45a4a8e1273ab86ad3938bf651c34ea2a569d9fbb14a4ad7e78c54a4bf50e1ccdf1798ca951c552fed18e92954c5469c311422acdd68e2214fdabe5d399ca5cab45cb394e317c4fc1aff83993fe0905f118e8fe29f8a7fb4178c7e131d36eacf59d1fe15f8bfe057c4ebffec6d66cbfe3cf5bf1a6b7e09d13c51a2789fc4d6247db346b3d12f7fe117f0bde837b67fdb5ad0b2d66cb57f6b5ff0083b17f608f83df067c45e36fd94fc21f17ff006b0f110be3e1af0e6b369f0cbc6df097e065878d6ef48babeb1b3f1a7c4cf883a268b7c0e2c1af0f867c31a16b5aeeaf67677a227b1b30d7f65fc89ea3fb2a7ec27ff04f3f88fe0dfdb061fdb27fe09dbff0543d07c05e3ab2bef8d7fb09e8ff00db9e19b2d6bc17e32bf3a2dfff00c297bed6f5cf14691f10af3c04fadda5fe8f65ac295b1b4d34eb5ad68be25d1ac758b16fea5bf611ff0082667c49ff0082aef8d7e0a7fc1437fe0a1de12f871f0dbf632f0a58d878c7fe09f3ff0004caf83e3433f067c17e09d65acb5af0cf8ffe2dd8f862cec7c2faddfebb622d2fb58d18d87f6bf89dd6cad3c511f86bc2da759fc3c3f91d7ad5672e6ad18f3bd5a8ae5b3d1f9df5ff008767eaf86a34e953fdd73a4ed6e76ddade4f966be718f46baa5dd7fc1ba7fb12fed11f103c73f1b3fe0b5bfb7d0babafda83f6d6b555f83da3ead646c6ebc03f02b577b2bdfedcb2d16f033786748f19d868fe19f0dfc3cd10817ba37c2ff0cd8de2df5e278cd8a7f5b754e1b686d218e0811618205c5bdba602a85190064927927033c67df8b95ca741fe65dfb79ffc9f2fed9dff00675ffb457feadff185147ede7ff27cbfb677fd9d7fed15ff00ab7fc61457faa3c3ff00f221c93fec5196ff00ea1513fa9701fee382ff00b04c37fe9981fe837fb05ffc98bfec5fff00669ffb3a7feaa0f08d7d6d5f24fec17ff262ff00b17ffd9a7fece9ff00aa83c235f5b57f9899f7fc8f33bffb1c665ffa9550fe64c7ff00c8c31dff0061588ffd3f54f9a7f6b5fd9fbc0bfb53fece1f157f67af8976be2fbcf873f13bc34743f1968de02d707867c53e26f0d5a6a163ac6a1e0dd1b5a2d1ad8af8cad74e6f0c5fff00a558efd1b58bfb44bdb2663796bfce17c1ab6ff8265fc32fdaebf67eb3fd8ab49f80fa37c04fdb8be1d7c5df82bfb427ec9be25f0c7830df7c0dfda0bf657f87c3c6de18f14fc42f865e3537dadfc25f88569e19b3f1afc24f8d3a2eb9f61b3f136b7ff085f89afbfb76f87f6f6a1fb73fb7e7fc152bf629ff00826ef806ebc65fb4dfc5fd1b45d7bec5f6bf08fc20f0d5e597897e337c40bb6dc6c6cfc2df0feceecdf1b3bc7500f8935b7d17c31600e6ff005ab2f9777f233ff04fcf829f05bfe0e1efdb67f6b5ff008291fed79f027e09e8bf02fc11a4e91f047e107eccbe1ad76cf48f1fea1ad6eb2d6c7c5cf8e77df0faf3c31e35f146b3a2f866f7ec63c69e28367a26b7aceb43c31a205d17e1e8b21c5838ca78aa108461294aa455aa479a0e3d632d55afa59eda3bf9f9b8a946342b39bb47d94eed2bcd6df0abaf47ea8f97fc09ff000a7fc4ff00f070b6adaa7ec402cb43fd8a3f638b3f885f153e241f85645efc0af0cf8ff5bf82ff00f0affe2cdefc31b1b103c33a2d9fc4df8837be1af065968de19367a2f8a3c4ba35e6b3a2590b055bdb3fe8cf4bf8c971e3cfb67f6af80ef3c13f66f1259786fec779e27d1bc4f7b657bad68be27d6bc302facb45ff0042fec5f1a68be0bf13ff0062eb7a2deeb56565adf8635af0c6b77ba2eb5f62fb77b5f8bff62bf823f063f669f893f02bf645f845f0e3e0269fadd90d5f48d23c23a39d1ecf5af19e877963ac68779e34d6d8df6b7ad0bdbcd12c743bcd675abdbdbdb1b1bdbc03fd06be17f823e17f87fe0df07e8ff11bc7179e25d13e361d1ffb1fc77e0ff186b57bf6df0cf89f45bdd6acaf744d17e1f67ec57b7bfe9bad5968be27b2b2d6af75ad175afb6e8badded96b55fbbf08e5b47059354aeb31587cda79d61ab4b0aa8d2780fecea94e10c64252ab4a58887b3c3aa54b0cf093a6d62143dba9d19b950fc1b8b31d9862f3ec2508e5d0abc3f4721c650ad8cab52bc7318e68e4d65ce9fd5671c34a0ab2ad531947114daaf8772f649d6a4a353e32fdb86efe23ff00c32ffc60ff008549f6cff8591ff0887ed1fe24f0d9d1ff00e4346f745f13dee8b7b7ba2fd87fd37fb6acbc31ad6b57ba37d887db7fb6acacbec5fe9bf62af02f047ecddf09f59f81fe0ff07687e0ff0007f88fe12eb7e03d17fb1f47fb1595ee8bad68bad68b657bfdb5eb7b7bad7db7edb7bad7fc7efdb47db7edbf6dafd22bfd3f50b0d63c1f05f59fd9b52ff843fe20eb179eb657be27f1478635abeb2edff2fb7bf62e9ff2e57b5f879e36fda7b47fd87ffe0a39f087e017857c4369a97c0afda36f7433f123e0b67edb61f027e207c42f13dee89a378cbc00369ff842ecfc517d7d61e28f12f836c99744bbb2bcd6f58b3b1b43aee9f7abfaae1738c3f0ac279d63a950ad80c6e1b2ee1ec6c6ac2151e1635629539d1a3525186228636ad694333a2b9ea386170f5e34aa429ce743f27ce787717c5ca86539554ad86cc32aaf9871061fd8ca70fadca94e2dc255a9c5cb0f8bc251a0e796d57cb073c557a3ed69559d155be77f0d7803e207ecbbf183c5ff00b1b6962f35bf85da1f86bc63fb4cfc093817bace8bf0ff00c4b79a2d8fc59f0c5ede2aade6b167e0bd5fc2d63acf24b5a68d61e29f1567fd3afb1178dfc23f123f690f88fe04fd8db37ba27807e2d786f45f8eff001ab59195d66f7e0c7c3ef135e9f0d5968a6f79b3b1f1ff00c41b3fb6595e641befec7f0beb965f6db2f96fbf7ebe037c30d43e207fc1c45fb21687e0eb3bcb983f64cfd95fe33fc52f8d77965667ec7a258fc50b1f14f82bc19e19d6af13169f6cd5efb5bd0efaceceedd5af6caf4de206b420aea7ed89f0db50f87fff000718fc4597c5764d6be1cfdacbf61df07de7c14d5dad4b58deeb3f062f341d13c67e0cd1400317fa458f85af75cbfd1acb0c6c6fac2f180fb58cfe76f8f28c2bcfc22586c343822a71a4337ab352aaebd3cbb9e19955e194b9bfe45b2cf29c6b4eb73ac44a0a743f8734a1f731f0eb9e9d1f1a5d7c53e3fa1c055b29da9aa72cc234a79352e2a94d45496691c85fb2e484614671952ad154e70d7e33bffd993e13f85fe13eb1e00bef07f83f43f84ba6f872f6cf58d1ef2cacacbc3165e18b2b2ff4dbdbdfb6f7b2b2ff004dbdd6af7fd37edbfe9bf6dfb6d7a0fec0975f1222fd91fe15ff00c2d4bcd62e7c6dff000adfe1278905e6b1f6dfedabdb2ff859dad68be0abdd6beddfe9bfdb57bf0fbc31e0bbebd17bfe9bf6dcfdb7fd37edb5f075e7ed31a37ed71ff053bf88bfb2278abc4767a1fecf3f00dfc5767a3fc2cdcb6763fb417c59f87bad5858eb3ff0b06e87cfe25f0cf862ff00fb7759d17c00c4687a858f85ecaf357b1bd297f9fdb9b0d2ee354d63c49616367ff132d4be1be8a346ff009f217ba2f89f5abdb2b2e47fcfeded974feb9afd13139be1f8a68acd32ea3470f81ca639970de15515460abd450c254aafd8518c561f0d839d1f6597c2a469d4953af89af1a14a8d7a33abf0b92e418ce11954cbf32ad57118fcf2ae53c4d8bf68eb49613f8aa9fef6bca73af8ccc2955955cc6a46f05f54c0d155ab55a156347eafd67e2fdc7c39b7f3f4af01de78dbfe2a4ff846fec7ff00093e8be18bdbdd6868ba2f89f5ab2d17fb6ecaf6cbec5e18f0c6b5a26b5e27d6b5abdd1745b2ff00849fc31a2d8dedef89f5a16565fce57ed2173f09fc31ff0005fbf843e39fdb471a8fec09fb627873e18eb16b67f127edb65f0635af127c34f863ac7c3cf05689f166c777fc233ad689f093e3b5891e2af0ceb37579e17d0ef75ab1f12eb96a74571775fb7bf193c39f0dfc6fe07d63c7fe1cbcf125cfc63d37c377b67e03f07f83f5abdff849b5bf13eb5fd8bfd8be17d6be18ff00a6fdb6f6f6f6cb45d16f2f6f745b1bdd1b45b2ff004dd6acb46d17fd0bed3f867fb19fc28f8a9fb2c780be017ed79f083e1c7c6bb7b6fb77897c49e1cf1de8b65e26b3d13c69e27d6af75abdff0084635b1fe9ba2dee8bfdb5fd8bfdb7e17bdb2bdbd365ff001fbf61e9f95f176070d8bc9de23fb4d57cde86753acb02e951781865aa8cbea89fb0846bcdcdbab4b1b2af7a6f11529ac3aa74a35543f5ae11cc334c1e7f2a5fd9b46970ecb87e8d18e354ebff0069ace154a73c6aacebd45868c791d3ad81a586a74ea461877f5a94ea4a2e9fc93f1e20ff00826478f7f6b8f893e1bfdb22cff670d37f64dfd83be037c25bef855fb38691a27802d2c3f680fda0ff006b3b0f8807fe128f0c7c3df05d9d8eb3f19fc4de17f87be17d17e1ff00c18f05785ecf58367e33f1a78a75cb1b21ad0d1efec7fa12fd8b7f674f873fb29fecd1f0afe057c21d1bc7be14f863e14d1350bff077823e24eb435ef18fc3dd1fc67ae6abe361f0f6ff0058135c3c96de02bcf13def86b4fb4bcbed6eeec6c74fb4b36d7b57166b772ff183ff00052cfd99be08ff00c102ff0069dfd8d7fe0a89fb17fc00f8293fc36b6bcd6be0bfc60fd997c63ae1d6b59bed4355b9bfd6b4ff008b5f062f7c7fac78a7c6de1af157d805e6833f8cfc1c2f93c137da478696fecaef41f156bd6779fd5cff00c13d3fe0acdfb127fc14abc0f61e24fd9cfe2f68afe371616d79e2ff00811e30bcb1f0c7c68f00de91fe9b65acf832f6f3ed9abd85948853fe128f0bb6b9e17bdc0167ad3126d23fc2318a51af514e3cb3e7949c53bc209dad18349276b3bbb2bb7b23f76c0fb3784a0e9fc3c8a2aead2d12f8a3af2efddf5d4fd36a28a2b94ea3fccbbf6f3ff93e5fdb3bfecebff68aff00d5bfe30a28fdbcff00e4f97f6ceffb3aff00da2bff0056ff008c28aff54787ff00e443927fd8a32dff00d42a27f52e03fdc705ff0060986ffd3303fd06ff0060bff9317fd8bffecd3ff674ff00d541e11afadabe49fd82ff00e4c5ff0062ff00fb34ff00d9d3ff005507846beb6aff003133eff91e677ff638ccbff52aa1fcc98fff0091863bfec2b11ffa7ea9f047ed35ff0004c3ff00827cfed87abdf788ff00694fd907e08fc58f176a56769657de3cd67c176561f102f6c2c6d7ec56368df103c34746f1a6cb0b20b69623fb6ffd0ad405b3d9838fc23f8a1ff06b27c31f831f106c7f68dff824efed51f183f619fda17c265eefc37a4eb5ad5ffc4ef84dac96b80dff0008deb86f88f1b5af85f5855165ad59eb57ff0010f45bcb4016f7c2b7c3757f5a745795194a125284b964af66be25e8efa79f738e518cadccb9a3b38bf8649b574d7c8fe6afe017ed91f14355d63c61fb32fedebf0e346fd9e3f6e1f839e0ff00f84c3c61e1bd1af85efc31fda07e19026c4fed03fb386b7ff333f832f2f87d8bc51e0ab2fb6f89fe1f789ef7fb16facf37a6cac7a4f1bf8a3588ae2cefb5cf07eb1e1bd3752bcb2d1ecf58bcbdd16f6f6caf6f6f7ec56475ad16caf6f6f745b2bdbcfb1597fc7e5efd8af6f6cbedb65666bdc7fe0b99f01bc13ae7eca763fb6aaf869751f8c5ff0004e2f1868bfb597c3cd5f4bbc3a36bbaaf827c01ad68badfc72f8537bad59867ff00845be267c33d375a8f50b2991ec9b5bd23c337b756aeb6122bfe60f8b3f6c7f821e29f1ffc1ff07d8f83bf690baf8fbfb47e91e17f1dfc13fd993fe10bd6ff00b67e201bed12cefb44f13595f68bfdb5f0fb45f0c68d622cef75af19eb5f106cbe1f7863ec37de28d66c8dee897c07eb9c179f53950ab2c762b0d84960e7494abd6e4845d29c5b8ce529c27cf38f23a6a114a753d9b9c53bf2c7f2be30c8aa7b6a5f51c2d7c447151a8e3469b94e54aa539423c94e30943f74ef794e4f9695d39351e69af39fda2fc79e2ff0c7886f34af84bf0df59f8d9f1d3c5ba458f80fe047c14f0d0ddadfc40f881ad5edeeb57c6f012b63a37c3ff0bd8d968be28f883e33d6afec744f0c7863fd36f6f45eded91bcfe657fe0ab7ff0004b8fda57fe0951e31fd8d7f6cbfdab3e247873e3cfc56f8fdf1535df88ff17bc39e1217f61e19f06f8cfe18eb1f0ffc6761f0d6cfc67764deeb4358d16faf7491acd8e8da469fa2ff00621b1d16cf50b0b3b2bebeff004a2fd87bf626d1ff0066bd27c45f117c7a746f177ed31f1671a87c55f1d5a8babdd3fc3361742ce4d3fe0dfc306d417ed9a47c31f065ad8e9d660a5ae9f79e3fd6ac4f8dfc4f6aba85dd969fa3780ffc1437f63df86dfb7e7ed33fb087c23f881a48f11784ff00661f8ab7bfb647c53b1c8162da2e87a2eb9e0ef861e09d633826cfe277c4cbbfed0360091acf863e1778d6d2f0002d18fcd718f18e23893174a951e7a59565f5eb4b0746fad7acea2e6c6d6f753e79c214a14a168fb3a508ca71f6d52b37f41c1fc2587e1dc2d5a95146a6658fa14618caabfe5cd1f64ad81a2e2d72d384ad527521675aac632527469d084389ff0082217ec85e3ef831fb3cf8c3f6a9fda43498edff006cdfdbe7c4d69fb417c77cda7d92efc03e1abbb2c7c18f81964a4fdaec745f85de02b9b3b5fec6601f4ed7357d734fbc6ba5b2b463d67fc1693f62ff001b7ed3ff00b3168ff167f67ab75d3ff6cefd8cbc5cbfb48fecb1abd9db2bdf6b1e26f0cd881e34f84d74a369bed17e2e782ed2ebc3579a3337d8b50d6ed3c2e6f8fd8acceefd9045d8314faf8a752a3abeddd5a9edbdafb5f6dcefda73fb45554f9bfe7e29c62f9edadb6bedf62a8518d25878d2a6b0d1a5ec150e44e9fb0f66a8fb1b5edecfd92e4e5b6cf7e87f924ffc132bfe09abfb47ff00c162fe3ffedc9fb53fecebe3ad1bf668f8b3f057c7763f1b7e1d693e231acddf866ebe2cfc50f1f78cfc5363f0cafbc536e3fb6b44b0d3ecb45d6ec8eb577a16b7906cacf59d1dec6f6ede3fe9a3f67cf19f8ff50f13d9785be3b7c38d5fe0afed1fe01b1d67e1c7c77f841e2320de7867c4c458eb7a2789fc317d65f6db2f147c30f88363a36b5ad7c3df1ae897b7ba26b765f6eb217bf6dd16f6bf71ff00620fd90be1c7ec25fb6ffeddbe1df0368a9e1bf09fedbde20f077ed61f0e6d2d6c6d6cb48b6d7345b6d63c31f1d7c17a2b5a1550be1af19f89744f1f5968cb1aa59e87f1662b4b04365a25f9b5fa2ff6d9fd8afc3ffb51786b47f15785af347f04fed1df0a9c6b1f073e295e4578b699b3b917f7bf0d3e227f67e6fb5cf84be37d8fa3f8a749db7979a20bd1e31f0ca2789f4eb3693ed38478cb11c398fabedb9eb65998d6a32c7d14fde8558d54feb9462a3c8aa4232a8a70e551ab49c60ad56146a43e438bb84b0fc4381a4e972d1cc32ea356382afa72ca93a76783aa9b52953a9cb1709f3f3519c14d351e767e657837c51ac4ba85e4fa1783f58d6edb44bcfec7bcd62cef745b2bdbdbdb21fe9b65a2d95edf595eeb5f62ff008f2ff8fcd12cbedbf6eb2b2fb6d62fed05fb69f8dfc0f3fc37fd9eff0062ef86f67fb487edc1f1f7c357bac7c2bf857797bfd8be0cf863f0facaf7fb17c4ff00b417ed1fac8fb11f067c32f05eb47fb1468979f62d6fc6be28b3ff0084634506f6caf7ec5f30785bf6abf84de18f8cdf11be10788bc21fb41f877f6a0f81b65ad78f7e297ecb363e0bd6afaef471fd8a2cef7e2158eb978746f879e29f05eb7a25f8bed17e20d8fc42b3f05f89c5fe89added9596b37c2cacbf42bfe0857f073c0facfc02f1d7fc143e6f090d37e2eff00c1477c7fe28f8f1ab5d6ad7a9a86b9e0bf8327c63aee9ff033e13d95f722d344d0fc2b6abe29beb1d3cad95e78cbc51ad1cbd9dae9cb67f4bc699fc2387a52cbf134312f153a8a956a6a0e9c2108c64e74dc230e5a8a528539c24dce9c9b52519c2517f35c1f9054588a90c7e16ae1960e14f9a85653f6aa5392f674a5394dc9d39724ab46749c29548528f2c573370f80be1fff00c1af1e1dfda1be235e7ed23ff0579fdacfe2afed9bf1f3c4645e6b3e0ff02eb579f0cbe0c7866cd8e07837c32f643fe1323e18d197fd134fb1f0bb7c31d1d11b23420cce5bf757f665ff008257ff00c13b3f63dd6748f157ecdbfb207c11f85fe33d0c48348f1fd97832cb5bf897a78bab492c2f05afc42f14ff006d78d2d05ed85eddd95fa47ad0fb4db5d3ab1da5457e837083bf5ff3e9e94eafc925294e4e737cd295aeed6bd8fd5e318c22a315cb15a28af852492492e9fd760a28a29147f9977ede7ff27cbfb677fd9d7fed15ff00ab7fc61451fb79ff00c9f2fed9dff675ff00b457feadff0018515fea8f0fff00c88724ff00b1465bff00a8544fea5c07fb8e0bfec130dffa6607fa0dfec17ff262ff00b17ffd9a7fece9ff00aa83c235f5b57c93fb05ff00c98bfec5ff00f669ff00b3a7feaa0f08d7d6d5fe6267dff23cceff00ec71997fea5543f9931fff00230c77fd85623ff4fd53ccfe2afc42d1fe14fc39f1d7c4cd712e6e745f0178675af12ea16968b9bcbd8f49d3deec5858e4737d7ce8b63683a35d5e007fd9fc4bb0fdb6ff006a3d2b57f18f8c7e237c51f857e14161e11f1378f3c0bf0df49f0ce8cff0caf8f836c2cf57bef833ad6b7ae1b3f89dadf8d7c6ba731d3fc1bf10fc31e27b2b3bef17e10fc253617761a1de7ee2fc41f05f87fe22781fc5ff000fbc536ad73e1df1af86b5bf0ceb76f673fd8ef24d2f5bb0bab0bc3677a306d2f425e17b3bb521ad2eb65d2b065da3f123c39ff04f1fdaefe12fed0be04f8a9e06befd99be3259fc395f125af83b5bf8d579e37d12f3461e2ab3d12caefc6d75e0ff000bf85f5ab0b3f89ba2d9e8c2cb48d6744d6cd8ddd86b5e28b2b71e175f13b5e68beb6471e167907142ce5ca9e7f0c261ab70db73c6c70f39c2ac638ea3cd864e87d61c1a9538e321eca7153a54ab52ad38b97e6dc48f8e69f14f05cb87dd09f0acb1398d3e30a6e182ab8a8d3ab420b2cad4de2654b111a14b1119ce5530151545292a9568d6a49c17aaff00c16d3c59e3ef13ff00c13d3e23fecd7f03fc1fad78dff692fdb9b455fd9bbe0a7c2eb21f64d72f6e3e20da5a0f897e24d70ca5ad3c35e0cf865f0c878a35cf1af89f5a365a27870c76169a85fd8de6a160b7a7fc12a3fe0949a67ec2da05d7c60f8f1e314fda17f6eaf89fe11f0d7877e2a7c77bfb55163e0cf0be85636767a27c0ef82b606c6d3fe10ef847e15b6b1d3ed316567617be32beb2fedcd6ed2c6d5345d0745fd12f845f0234ff00875ab6b3e3ff0018f88ef3e297c6cf165a0b2f16fc53d72c2d6c6f0e8c245bc4f067803c336a6f2cfe1f7c32b3d417edd63e0dd1af2f5af6f76eb7e30d67c55e28377adc9f45d7ca734b96515394632b39453b464e37e57256d796eedeafb9f7ae31728cf962e71ba8cdabca1195b9d45dd35cfcb1bff8568ec70fe3bf1a7877e19f83bc49e3ff00165eae91e15f05f86f59f137882f5b715b4d1b44b2fb6deb840bfe91762d2d8ad9d9a6fbbbcba2b6968c4b9cf8cfecd1e08f10695e18f10fc4df88da5be99f16be3aeb4bf123c79a3dd8437be0eb2bbb1b5b1f00fc2f2428ff0044f867e0ab3d1bc33a82affa25ef8cd3c69e278955fc4f7b5cc7c5bff8bcbf1a3c09f002d8acbe08f00ff61fc78f8eac30d677d67a46b77a7e06fc34bb182a0f89fe20f86af7e206b16a4107c37f098e8d7e8da7f8d1437d87c20efd7fcfa7a5228751451401f37fed23f0fbc43e2bf05693e2af8776a8df17be0f788acbe297c2d8c916abae788f46b2bfb3d73c057d7f8ff43d1be28f832ffc49f0ef5aba63b2c13c4b6dada937ba359e3d2be1afc40f0e7c54f87fe11f88fe0ebd7b9f0df8d3c3da7f893483781ad6fec2d6fed43b586b1644b3d96b1a45d9bab0d6f4fbcff4ad3f56b3bcb0bcc5e58b05f46af8dfe1d03f04be3ff8c3e0e4d9b7f00fc6c6f137c6df83fc28b2d17c662facdbe3a7c3fb3c9240bed6f59b2f8cba2da28df78fe34f89cca16c7c2fc007cb1ff053cff825ff00877f6edf0ff873e27fc2bf191fd9eff6def82961ac37ecf7fb48e8b639bcb1fb659df2ea1f0bfe26d92a30f19fc19f191bcbcb2d6f44bdb5d45b446bebed6745b1bc179ad68bae79a7fc1086ff00e24fc35fd847c33fb177ed03e0ebbf871fb4bfec2daaeb7f02be28f81722f16fbc37fdb1ad7897e11fc4ef065f806d3c4df0fbe21f822fecff00e117f14d86ed1afb59d0fc51a30297ba1ded8dafedd57cf9f17be04693f13350d17c63e1dd6754f861f187c176d796be06f8bfe194b4935ad1ecef185ddd786bc49a35dffa078ffe1f6af7e11b5cf87fe2757d16ef6ff6d68d79a1789ecb45d7ac1de5cb1a7cf27085dc62dfbb194adcee31568c79f9637e58abb5ab7a5928c54a52518a94ac9c92b49c637e5527f6b96f2b3d3e267e43f887f6d6fda9358d5fc21e29f869f14be1b7dab53f0ee8be3ef177c2df11f86345bdf867e0bb4f136b1e26b0d13e06eb57ba328f8b565f14343b3f0c5e5a7c4cf1a5f789ed2c7c2fe2954b5b1f8637b682f745b0fd9ff82df12b4ef8c5f0b7c09f1334bb2bad36dbc63e1eb4d60e8f7a4c97ba2df7367ac68b7776028bb934ad5adaf2c1af15545d9b5fb4a065604fe38f8d7f601fdb13e30fed09e2bf8a5e29bafd96be118f1768fe0bf0c78bbc5bf076efe20ea37be25b0f045e789ef2cbc6b7ff000ffc45e18d223baf89578be27bdb22dad78def74fb1d16cf43d0af75af13dae8cb757dfb3df0c3e1df873e12f80bc1ff000d3c256d730786fc11e1ed3fc3ba40bdba3797d716da7db6c7bcbeba61beef52be999aef50bd6da6e2fae6ee428bbb35f579cc385a970d70b472b9d49f11d4a78dabc47284b1b2a14a33ad2fa9d3ff006851c32c42a4e12953c1538c68c67569d6a956718f2fc070f4f8de7c61c64f3b5429f07c259650e13a72a381a58c94e3854f32c45e84e78a9e1ea62a7cb1798d48569ca14a785a34a83705e99451457c99fa01fe65dfb79ffc9f2fed9dff00675ffb457feadff185147ede7ff27cbfb677fd9d7fed15ff00ab7fc61457faa3c3ff00f221c93fec5196ff00ea1513fa9701fee382ff00b04c37fe9981fe837fb05ffc98bfec5fff00669ffb3a7feaa0f08d7d6d5f24fec17ff262ff00b17ffd9a7fece9ff00aa83c235f5b57f9899f7fc8f33bffb1c665ffa9550fe64c7ff00c8c31dff0061588ffd3f5428a28af24e50ae77c45af693e14d035cf14ebb7d6ba6e87e1bd22fbc43ad6ad784ada5868ba35a3dfeb17f72c8738b3b0b6baba271850b9ecd5d157e7aff00c147be28e8ff000ffe0b7c38f03ea8415fda67f69efd993f657fb18736bf6cd17e347c5ad0f45f1fd8eeea05ff00c30b2f1ada6de48dc31d45007b17eca3e1dd653e1f5f7c52f18d94ba6f8ffe3ff896fbe3478becaed42df68967e25b2b4b2f87fe02bbf94327fc2bff0086563e0df0bdddab610eb761abea0a3ed57f78eff54541fb98bd073f5ebfa638fceb034bf15f85f5cb9bcd3f44f12f87b59d4b4d03edf63a46b1617b79644e38bdb3b4bb7b8b3c9e36dcedc1ebcf1401d35145140057ccff00b50f83b5af107c303e2bf03d9b5c7c4ff835acd9fc60f8716968035d6a3e25f06d95eb6afe0c424822d3e26f82affc4ff0c6f8edda2cfc68f724121187b8eb5e2df0bf87ae2d2cb5ef12f87f44b8d44edb1b5d5f59d3f48bbbd61c37d852f2eed5af0860437d9812a78273915d3d0071fe07f18e83f107c1fe11f1d785ef46a5e1af1b786b45f18787af0019bdd13c4d6169ace917a0649557b1bc46c16240ce73c57615f9efff0004f6f89fa478bbc21fb47fc29d212d205fd963f6c4f8ff00fb3e5bd9db1c8d3f43d3fc4969f10fc196688cc3169a37833e24e85a1592aed0b6ba40806595f3fa114005145140051451401fe65dfb79ff00c9f2fed9dff675ff00b457feadff00185147ede7ff0027cbfb677fd9d7fed15ffab7fc61457faa3c3fff00221c93fec5196ffea1513fa9701fee382ffb04c37fe9981fe837fb05ff00c98bfec5ff00f669ff00b3a7feaa0f08d7d6d5f24fec17ff00262ffb17ff00d9a7fece9ffaa83c235f5b57f9899f7fc8f33bff00b1c665ff00a9550fe64c7ffc8c31dff61588ff00d3f5428a28af24e50afe54ff00e0e95fda2ae3f66cf047fc12efe25ce4ff00c23de01ff8295fc24f8bfe230aa5cbe91f09746d6b5abc40179cb59dfdf63af2471835fd5657f36fff0007497ec59e2dfdaf7fe0967e30d57e1d68d79e22f881fb2ff8ef44fda1b4ad2349b396fb58d63c19e1bd175cf0b7c4db3b1b2b442d7b7361e0df136a1e293631a07bc5f0c0b4440ce0800faa7fe0b05f14fe33d87ecb5f0af55fd9f3e25787be1d7c38f88ff187c036df1abe37dee8779e33d13c31f02efbc35ae78c6cd1b48b0d67c31bfc35f15fc4da3f82be1deb5acc9e26d0ec6d342f1a5d59de6b36b6dabc8e3ca7e166abe0ef15ff00c1367e29fed5be24f873f07fe127c48fd9f7c23f1d3c5ff0d3f683f815f0facbe0c5878a2d3e0b687ad6b7e1af8afe15b1b23797d65e0cf145ce9efa4789bc1577ad78a7c17e33163aedb5a8d6fc2facd883fc87ff00c1283fe0eb7f1cfec57fb3c786bf655fdad7e056adfb4bfc37f86fa40f0dfc2df1e7873c5167a27c41d17c1368a7fb1fc01e27b3f12d9df689e32d0f42b33fd8fe1abe37ba36a161a10b3d1af5759b3b1b42b81ff0557ff839efe2ff00fc1497e0fdf7ec53fb24fecf9abfc04f86ff0018ef343f0778caf2efc4c7c6df16be26e9f7d7d6b6365f0cbc35a3785f45b0d1fc2da2f893507b1b1d66c3483e26d63c4f66468a97963617d7f637ddef1383796c30af2ea4f1f0c73c4bcd7dbd775a585f65184701f56949e15538d552aded953f69272f672bc6edf94b038e59d4b30fed6ad2cb5e5b1c1c72396170ae8431ab14abbccd63bd9ac7fb49514b0af08ab2c2285ea2a6a6d35fe901fb2bfc67b5fda47f667fd9eff684b2b44b0b7f8d9f053e187c545b2b7c7fa0b7c41f05689e27bbb153d7fd06eefdacbbb7fa2e7a1c5757f1bbe25699f04fe0bfc5cf8c7aac62e745f84df0dbc7ff0012b57b2207fa659782fc2dad789ef6d377055ae96c4a82307e603386af15fd807e0aebdfb377ec3ffb24fc03f1473e2bf843fb39fc22f01f89b0cadff1537867c13a3587892d9719f96d35a4bcb556cf206473903b6fdac7e125ff00c77fd967f68ef81fa4958353f8c3f023e2cfc34d21d98db5adb6afe35f87daf78634e6bb7caedb417da85aeff95be40fd170c380f54fc88d43c5be15ff0087587c37fdbaf4af85bf0abe317c6bfda1be15fc09f8a7f11be2f7c6af001f8c9a3f827fe174c7e18bdf881e31d6744bb2bad37c31f83163e25d46d345f87ba2eb7e18f0c687a2e876565797ba368b63aceb6be9bff0461f893f1c3c43f047e3bdbfc62f88fe11f8a3f093c03f1a351b3fd9f3e2ff0086bc2c3e1f785efbe195ef83b41f13789bc17a2e8f79ae7896d07837e1278caff5df0be85add8f8a359d1458da3786acb505b3f0b0b3b2fe27ff00e094ff00f0725fc79ff824ef80351fd867f6affd9f355f8d7f0c7e0ff893c53e13f0f691ff000938f03fc5cf8337f67adde2f8a3e1f5daeafa26afa3789fc3563e263ac9b1d0f56fec4bed12eaf2fac935abcd156c6c6c7d4bfe0a7fff00076878c3f6affd9e7c5bfb33fec6df01b56fd99fc27f127c397be0ff0088ff0011fc4de28b0d67e201f05eb5657563ad7833e1fe8de19b2b0d1bc1435bb2bbbcd1b59f141d435abdfec5bdbdb4d1acf45bdbb4be5ed8e2308b2ba982965f4e58e96329d7866bedebc6ad2c2c30ee8cb031c2c64b0ce9ceb72625d570f6919c5c2368497279b2c1e31e6d4b1b1cd2b53cba197d5c2cf26861b07ec2ae2e75e954a798cb16e8bc64674a8c27875858558e1671942a4a9fb4a7797f425ff06d0fed2b6ffb507c52ff0082d17c4dd12f3ed5e0af1bff00c141750f8a3e0dbc523ecd7ba278decbc4ba468d7b192718bdf0bf827c30ec3ae429ebd7fab3afe5d7fe0d35fd8b7c5dfb2dff00c13317e26fc41d1ef3c3de35fdaebe22de7c6bb2d26fa33677b65f0cacb46d3bc2ff000c5aeed0ee645f11d969fad78d2cb2016d13c51a6b6118051fd455711e905145140051451401fe65dfb79ffc9f2fed9dff00675ffb457feadff185147ede7ff27cbfb677fd9d7fed15ff00ab7fc61457faa3c3ff00f221c93fec5196ff00ea1513fa9701fee382ff00b04c37fe9981fd747ec99ff057ff00f82747c2efd963f667f869e36fda1d743f1b7c39fd9f3e0df81bc63a30f847f1cb515d1fc49e0af879e19d03c4ba59bed17e195ee8f7e74fd6ad6e2cbedba3df5ee9b76156e6c6eaf2d0aca7e87ff87dff00fc12f7fe8e73ff0030b7ed07ff00ce928a2bf1dc4fd1af8171b8fcc3155735e2b8d4af8dc4579aa78ec9e3053ab5a7524a2a5914a5caa5f0f34a4d2d1b67c662bc3bc96a57ab5a58bcd5ceb559d49fefb06a2a551aacd457d4348a954928ad6d1496b66d9ff0fbff00f825effd1ce7fe616fda0fff009d251ff0fbff00f825effd1ce7fe616fda0fff009d2514565ff12c1c03ff00436e2fff00c3864de5ff00520f2473ff00c439c93fe82b35ff00c1d83ffe61f2fcfbb0ff0087dfff00c12f7fe8e73ff30b7ed07ffce92a397fe0b6ff00f04bb954c12fed341a323ee9f82ffb41e323e9f08febf5a28a3fe2583807fe86dc5fff00870c9bcbfea41e483fe21ce49ff4159a7fe0ec1fff00307f5f367f27dfb6d7fc1367fe0dbafda87e27eb5f15fe0ffedb3f113f647d7bc597b75ac789fc1bf0dff67ff8cde25f84f77abdf30bcbcd47c39e09d6fe12585df82fed770cd29d1f43f12a7862d06574dd0ac33cfd7bff0004dcfd9dff00e0db4ff82727c41d23e32f86ff00683f197c7ff8fde17537fe1df89df1afe12fc68d42dbc0b78725b59f00f82744f817a4785f42d65323ec5ae5f5a6bbe26d18b39d175bb22ccce514d7d1878057fccdb8bf4ffa9864fd97fd487caff7f46d07fc43ac93fe82b34ffc1d82ff00e603fa08ff0087dd7fc12f63ff009b9c1f4ff852dfb41f7fa7c231e9eb4bff000fbaff00825eff00d1ce0ffc32bfb417ff003a2a28a5ff0012c1c03ff436e2ff00fc3864de5ff520f241ff0010e724ff00a0acd7ff000760ff00f987cbf3eecfc0cff8294fc12ff836c7fe0a59e33d57e3278dbf682f187c0df8f7af59aff6c7c61f825f0a3e38e8d79e33bbb448ad6cb50f883e0ed6be05eb5e16f14df59d95a4566dad25a68de28bfb075b4bcd7592d2c3ec9f0cfec77ff04c1ff836eff679f8a1a47c50f8cffb717c49fdadd7c3b789acf86fe1df8eff0067ef8c9e0ef8612dcdb5e8b9b09bc63e1ad0fe145fdf78d12d5942ff0063dfeb763e1ad4183aeb3a15fd93fd889451ff0012c3c03ff437e2fe9ff330c9ba5bfea41e5fd5c3fe21d649ff004159a7fe0ec17ff301fd64587fc16c3fe095f65696367a7fed2567676b058dadb58dbd8fc0cfda02cecedecac1425a5bda5a47f08847696966a316b68815215c2200a335a1ff000fbfff00825eff00d1ce7fe616fda0ff00f9d251451ff12c1c03ff00436e2fff00c3864de5ff00520f241ff10e724ffa0acd3ff0760fff009803fe1f7fff0004bdff00a39cff00cc2dfb41ff00f3a4a3fe1f7fff0004bdff00a39cff00cc2dfb41ff00f3a4a28a3fe2583807fe86dc5fff00870c9bcbfea41e483fe21ce49ff4159aff00e0ec1fff0030f97e7dd87fc3efff00e097bff4739ff985bf683ffe74947fc3efff00e097bff4739ff985bf683ffe74945147fc4b0700ff00d0db8bff00f0e193797fd483c907fc439c93fe82b35ffc1d83ff00e61f2fcfbb3f876fdacbc51a4fc51fda9ff697f89be05bd5d73c11f117f680f8cbe3bf06eb46d6ff004c3abf857c5df117c47e20f0f6a874dd59b4ed574f3a8691a859dd9b1d4f4fb1d42d0cde45e59dadcc7240851457ed397b9e130181c2d3a8dd3c360f0d87a6e74e839b851a34e9c1c9aa314e5cb08f335149bd525a23f42c3a951a142942ad5e4a5469d38de577cb084631bbb6aed1577dd1ffd9),
(6, 4, 'à¹€à¸ªà¸·à¸­à¹„à¸¡à¹ˆà¸¡à¸µà¸«à¸²à¸‡à¸£à¸¹à¸›à¸£à¹ˆà¸²à¸‡à¹€à¸«à¸¡à¸·à¸­à¸™à¸­à¸°à¹„à¸£', ''),
(7, 4, 'à¸‚à¹‰à¸­à¹ƒà¸”à¸ˆà¸±à¸”à¹€à¸›à¹‡à¸™à¹„à¸¡à¹‰à¸”à¸­à¸', ''),
(8, 4, 'à¸§à¸±à¸™à¸„à¸£à¸­à¸šà¸„à¸£à¸±à¸§à¸•à¸£à¸‡à¸à¸±à¸šà¸§à¸±à¸™à¹ƒà¸”', ''),
(9, 4, 'à¸§à¸±à¸™à¹€à¸”à¹‡à¸à¹à¸«à¹ˆà¸‡à¸Šà¸²à¸•à¸´à¸•à¸£à¸‡à¸à¸±à¸šà¸§à¸±à¸™à¸—à¸µà¹ˆ', '');

-- --------------------------------------------------------

--
-- โครงสร้างตาราง `score`
--

CREATE TABLE IF NOT EXISTS `score` (
  `testee_id` mediumint(8) unsigned NOT NULL DEFAULT '0',
  `subject_id` smallint(5) unsigned NOT NULL DEFAULT '0',
  `amount` smallint(5) unsigned DEFAULT NULL,
  PRIMARY KEY (`testee_id`,`subject_id`)
) ENGINE=MyISAM DEFAULT CHARSET=utf8;

--
-- dump ตาราง `score`
--

INSERT INTO `score` (`testee_id`, `subject_id`, `amount`) VALUES
(2, 4, 6),
(3, 4, 4),
(4, 4, 1),
(5, 4, 8);

-- --------------------------------------------------------

--
-- โครงสร้างตาราง `subject`
--

CREATE TABLE IF NOT EXISTS `subject` (
  `subject_id` smallint(5) unsigned NOT NULL AUTO_INCREMENT,
  `subject_text` varchar(200) DEFAULT NULL,
  `date_test` date DEFAULT NULL,
  `time_start` time DEFAULT NULL,
  `time_end` time DEFAULT NULL,
  PRIMARY KEY (`subject_id`)
) ENGINE=MyISAM  DEFAULT CHARSET=utf8 AUTO_INCREMENT=7 ;

--
-- dump ตาราง `subject`
--

INSERT INTO `subject` (`subject_id`, `subject_text`, `date_test`, `time_start`, `time_end`) VALUES
(1, 'à¸žà¸·à¸Šà¹à¸¥à¸°à¸ªà¸±à¸•à¸§à¹Œ', '0000-00-00', '00:00:00', '00:00:00'),
(2, 'à¸«à¸à¸´à¸‡à¹à¸¥à¸°à¸Šà¸²à¸¢', '2014-02-14', '12:00:00', '15:00:00'),
(3, 'à¸„à¸­à¸¡à¸žà¸´à¸§à¹€à¸•à¸­à¸£à¹Œà¹€à¸šà¸·à¹‰à¸­à¸‡à¸•à¹‰à¸™', '2014-03-01', '14:30:00', '16:30:00'),
(4, 'à¸„à¸§à¸²à¸¡à¸£à¸¹à¹‰à¸—à¸±à¹ˆà¸§à¹„à¸›', '0000-00-00', '00:00:00', '00:00:00'),
(5, 'à¸›à¸£à¸°à¸§à¸±à¸•à¸´à¸¨à¸²à¸ªà¸•à¸£à¹Œà¸Šà¸²à¸•à¸´à¹„à¸—à¸¢ à¸ à¸²à¸„à¹€à¸£à¸µà¸¢à¸™à¸—à¸µà¹ˆ 2/2558', '2014-03-20', '09:00:00', '12:00:00'),
(6, 'PHP MySQL &amp; jQuery', '2013-12-31', '09:00:00', '12:00:00');

-- --------------------------------------------------------

--
-- โครงสร้างตาราง `testee`
--

CREATE TABLE IF NOT EXISTS `testee` (
  `testee_id` mediumint(8) unsigned NOT NULL AUTO_INCREMENT,
  `login` varchar(100) DEFAULT NULL,
  `password` varchar(20) DEFAULT NULL,
  `firstname` varchar(50) DEFAULT NULL,
  `lastname` varchar(100) DEFAULT NULL,
  `code` varchar(20) DEFAULT NULL,
  PRIMARY KEY (`testee_id`),
  UNIQUE KEY `login` (`login`)
) ENGINE=MyISAM  DEFAULT CHARSET=utf8 AUTO_INCREMENT=7 ;

--
-- dump ตาราง `testee`
--

INSERT INTO `testee` (`testee_id`, `login`, `password`, `firstname`, `lastname`, `code`) VALUES
(2, 'somchai', '12345', 'à¸ªà¸¡à¸Šà¸²à¸¢', 'à¸žà¸²à¸¢à¹€à¸£à¸·à¸­', NULL),
(3, 'somying', '12345', 'à¸ªà¸¡à¸«à¸à¸´à¸‡', 'à¸¢à¸´à¸‡à¹€à¸£à¸·à¸­', ''),
(4, 'chuchart', '12345', 'à¸Šà¸¹à¸Šà¸²à¸•à¸´', 'à¸à¸²à¸•à¸´à¸Šà¸¹à¸Šà¸', ''),
(5, 'somsri', '12345', 'à¸ªà¸¡à¸¨à¸£à¸µ', 'à¸”à¸µà¹ƒà¸ˆ', ''),
(6, 'test@example.com', 'abc456', 'à¸ªà¸¡à¸¡à¸•à¸´', 'à¸—à¸”à¸ªà¸­à¸š', '');

-- --------------------------------------------------------

--
-- โครงสร้างตาราง `testing`
--

CREATE TABLE IF NOT EXISTS `testing` (
  `testee_id` mediumint(8) unsigned NOT NULL DEFAULT '0',
  `subject_id` smallint(5) unsigned NOT NULL DEFAULT '0',
  `question_id` mediumint(8) unsigned NOT NULL DEFAULT '0',
  `choice_id` int(10) unsigned DEFAULT NULL,
  PRIMARY KEY (`testee_id`,`subject_id`,`question_id`)
) ENGINE=MyISAM DEFAULT CHARSET=utf8;

/*!40101 SET CHARACTER_SET_CLIENT=@OLD_CHARACTER_SET_CLIENT */;
/*!40101 SET CHARACTER_SET_RESULTS=@OLD_CHARACTER_SET_RESULTS */;
/*!40101 SET COLLATION_CONNECTION=@OLD_COLLATION_CONNECTION */;
